age,height,weight,bmi,waist,alcohol,activity,diet,family_history,alt,ast,cholesterol,triglycerides,sugar,risk
20,172,81,27.379664683612766,74,Moderate,High,Mixed,No,16,79,211,280,93,Moderate
30,189,61,17.076789563562052,106,Moderate,Medium,Junk,No,38,109,125,184,153,Moderate
64,184,88,25.99243856332703,85,None,Medium,Healthy,No,103,56,120,345,105,Moderate
18,177,91,29.046570270356536,95,High,Low,Junk,Yes,51,15,196,358,87,High
50,156,88,36.160420775805385,85,None,Low,Junk,No,92,51,190,159,86,Moderate
53,171,93,31.80465784343901,85,None,Medium,Healthy,Yes,105,74,202,184,175,High
61,167,61,21.872422819032593,114,Moderate,Medium,Junk,Yes,91,10,180,80,167,High
60,177,91,29.046570270356536,80,High,Low,Junk,No,20,85,137,235,171,High
48,172,105,35.49215792320173,90,Moderate,Low,Mixed,Yes,67,59,260,124,98,High
64,188,64,18.107741059302853,105,High,High,Mixed,Yes,82,68,208,397,101,High
30,185,108,31.55588020452885,99,Moderate,Low,Mixed,Yes,36,11,139,139,86,Moderate
43,169,77,26.959840341724732,96,High,High,Healthy,Yes,25,30,157,206,86,Moderate
70,158,75,30.043262297708697,114,None,Medium,Healthy,Yes,59,86,266,130,174,High
34,153,48,20.504933999743688,109,Moderate,High,Mixed,Yes,104,20,282,225,160,High
56,169,88,30.811246104828268,90,High,Medium,Junk,Yes,50,15,280,316,154,High
35,151,107,46.92776632603833,80,Moderate,High,Junk,No,119,111,213,158,171,High
70,150,54,24.0,92,Moderate,Low,Mixed,Yes,49,12,248,267,103,High
35,160,52,20.312499999999996,84,None,High,Mixed,No,32,81,299,233,163,Moderate
59,168,94,33.30498866213152,90,Moderate,Medium,Mixed,No,120,104,125,298,165,High
47,159,49,19.382144693643447,100,High,High,Junk,Yes,64,84,201,395,131,High
44,189,61,17.076789563562052,92,High,Medium,Junk,No,71,24,252,378,81,High
18,154,53,22.34778208804183,118,None,Medium,Junk,No,50,61,230,180,99,Moderate
46,179,89,27.776910832995224,96,None,Medium,Healthy,No,90,35,225,140,147,Moderate
38,173,76,25.393431120318084,80,High,High,Healthy,No,94,74,252,226,80,High
31,179,96,29.961611685028558,84,None,Medium,Healthy,Yes,39,63,227,257,80,Moderate
19,172,48,16.224986479177936,88,None,High,Healthy,No,77,56,155,234,98,Moderate
40,182,45,13.58531578311798,82,None,High,Mixed,Yes,111,102,122,176,87,Moderate
45,190,62,17.174515235457065,100,High,Low,Healthy,No,95,35,240,94,90,Moderate
27,190,92,25.48476454293629,76,High,Low,Junk,No,45,36,200,89,80,Moderate
61,152,63,27.268005540166204,85,None,High,Mixed,No,63,17,153,290,147,Moderate
47,160,104,40.62499999999999,117,Moderate,Low,Healthy,No,90,111,196,330,141,High
44,190,59,16.343490304709142,104,None,High,Junk,Yes,68,28,249,335,72,High
18,154,108,45.53887670770788,76,None,Medium,Junk,No,12,27,159,272,172,Moderate
25,180,109,33.641975308641975,92,High,High,Healthy,No,46,77,182,318,165,High
67,182,50,15.094795314575533,118,High,Low,Mixed,No,88,16,290,189,78,High
35,186,57,16.475893166840095,93,None,Medium,Mixed,Yes,91,37,214,182,164,Moderate
58,179,86,26.840610467838083,106,None,Low,Mixed,No,77,19,240,352,142,High
20,173,109,36.41952621203515,111,High,Low,Healthy,Yes,94,30,138,95,96,High
22,168,90,31.88775510204082,93,High,Medium,Mixed,No,60,114,254,152,124,High
19,167,109,39.08350962745168,91,Moderate,Medium,Healthy,Yes,72,114,176,139,102,Moderate
37,172,79,26.703623580313685,120,Moderate,Medium,Junk,Yes,41,84,124,163,157,High
38,152,67,28.999307479224377,71,None,High,Junk,No,74,71,175,340,90,Moderate
48,182,55,16.604274846033086,111,None,Low,Mixed,Yes,25,11,273,138,92,Moderate
53,151,86,37.71764396298408,90,High,Medium,Mixed,No,109,88,242,93,73,High
53,156,105,43.145956607495066,95,Moderate,High,Junk,Yes,42,41,254,204,176,High
32,161,82,31.634581999151262,110,Moderate,High,Healthy,Yes,91,13,134,101,157,High
39,184,75,22.152646502835537,107,Moderate,High,Healthy,No,120,85,133,84,117,Moderate
60,162,89,33.91251333638164,88,Moderate,Medium,Mixed,Yes,55,17,165,384,83,High
50,184,89,26.287807183364837,81,High,High,Junk,Yes,31,64,169,387,130,High
28,187,106,30.312562555406213,80,None,High,Healthy,No,68,36,156,150,76,Moderate
32,162,48,18.289894833104707,77,High,High,Junk,No,18,28,253,211,119,Moderate
46,167,92,32.987916382803256,115,Moderate,Medium,Mixed,Yes,91,59,148,233,112,High
50,171,53,18.125235115078144,118,None,Medium,Mixed,Yes,12,49,273,177,145,Moderate
49,158,76,30.443839128344813,102,None,Medium,Mixed,No,13,92,158,102,137,Moderate
18,176,46,14.850206611570249,117,High,Low,Mixed,Yes,74,72,125,221,71,High
44,162,68,25.910684346898332,101,High,Low,Healthy,No,88,48,275,107,158,High
66,157,65,26.370238143535232,81,High,High,Healthy,Yes,112,70,152,119,72,High
49,180,84,25.925925925925924,91,Moderate,High,Healthy,No,72,109,300,305,142,High
56,168,97,34.367913832199555,88,Moderate,Medium,Healthy,Yes,88,52,250,240,107,High
58,164,89,33.09042236763832,70,High,Low,Junk,No,53,65,220,122,137,High
63,186,51,14.74158862296219,84,Moderate,Low,Healthy,No,17,83,271,173,147,Moderate
19,172,74,25.013520822065985,101,Moderate,Medium,Mixed,No,18,46,271,183,114,Moderate
21,175,45,14.693877551020408,84,None,Low,Mixed,Yes,98,34,188,191,168,Moderate
68,184,99,29.24149338374291,108,None,Low,Mixed,No,106,116,147,191,131,High
70,162,88,33.53147386069196,119,None,Low,Healthy,No,101,29,151,271,141,High
26,159,53,20.964360587002094,99,Moderate,Medium,Mixed,No,114,18,170,280,120,Moderate
35,155,51,21.227887617065555,89,High,Low,Mixed,Yes,57,58,271,91,92,High
36,163,45,16.937031879257784,73,None,Medium,Mixed,No,12,17,235,176,146,Low
28,186,59,17.05399468146606,110,None,High,Healthy,No,10,12,243,157,142,Moderate
64,173,49,16.372080590731397,95,High,Medium,Junk,No,63,72,270,118,70,High
62,157,50,20.28479857195018,78,High,Low,Junk,Yes,34,120,142,392,162,High
62,187,98,28.024821985186875,82,High,High,Healthy,Yes,80,94,171,217,165,High
61,158,84,33.64845377343374,75,High,High,Mixed,No,47,35,289,361,107,High
49,161,52,20.060954438486167,80,High,High,Junk,No,81,85,277,388,86,High
37,154,56,23.61275088547816,82,High,Low,Mixed,Yes,50,114,294,93,164,High
35,161,51,19.675166853130666,89,None,High,Healthy,Yes,59,79,182,192,121,Moderate
51,163,101,38.01422710677858,102,High,High,Junk,Yes,45,103,132,315,161,High
31,167,71,25.458065904119906,112,High,Medium,Junk,No,50,57,124,94,90,High
23,184,56,16.5406427221172,114,None,High,Healthy,No,115,116,195,90,125,Moderate
65,150,93,41.333333333333336,76,Moderate,High,Mixed,Yes,22,66,125,109,97,Moderate
61,180,99,30.555555555555554,105,None,Medium,Junk,Yes,67,107,177,166,159,High
19,187,94,26.88095170007721,89,High,High,Mixed,No,104,74,268,183,100,Moderate
46,185,70,20.45288531775018,77,None,Low,Healthy,Yes,39,119,257,316,133,High
66,171,79,27.01685988851271,106,None,Medium,Mixed,Yes,109,113,277,216,157,High
30,184,78,23.03875236294896,105,High,Low,Healthy,No,21,22,180,123,141,Moderate
54,188,54,15.278406518786783,120,Moderate,High,Healthy,No,97,87,160,99,118,Moderate
38,165,57,20.936639118457304,114,Moderate,High,Healthy,Yes,46,120,130,384,105,High
62,183,98,29.26334020126011,95,None,High,Healthy,Yes,80,76,127,99,147,High
48,179,62,19.350207546580943,107,High,High,Mixed,No,27,39,175,257,121,Moderate
52,150,46,20.444444444444443,100,None,Medium,Healthy,Yes,97,11,300,202,177,High
55,184,108,31.899810964083173,112,None,High,Healthy,No,108,13,240,128,82,Moderate
61,181,68,20.756387167668876,109,None,Low,Junk,Yes,58,68,260,98,163,High
68,162,110,41.91434232586495,81,High,Medium,Junk,Yes,47,118,249,394,150,High
43,154,100,42.165626581211,114,Moderate,Medium,Mixed,No,73,72,120,188,82,Moderate
34,169,104,36.41329085116068,78,Moderate,Medium,Mixed,No,110,92,122,110,162,Moderate
59,173,53,17.70857696548498,80,None,Medium,Healthy,Yes,76,46,159,222,91,Moderate
42,158,105,42.06056721679217,77,None,Medium,Healthy,Yes,99,116,179,82,161,Moderate
59,174,110,36.332408508389484,77,High,Low,Junk,Yes,41,79,147,315,175,High
40,178,70,22.093170054286073,76,None,Low,Healthy,Yes,108,87,267,347,129,High
67,159,85,33.62208773387128,110,Moderate,Medium,Healthy,Yes,13,31,268,391,119,High
24,163,106,39.89611953780722,85,Moderate,Low,Healthy,Yes,104,118,221,230,100,High
46,174,106,35.01123001717532,113,High,High,Mixed,Yes,87,18,240,135,126,High
52,167,102,36.57355946789057,101,High,High,Mixed,Yes,105,109,236,362,102,High
56,177,47,15.00207475501931,105,Moderate,Medium,Mixed,Yes,114,79,167,333,110,High
53,161,110,42.43663438910535,87,High,High,Mixed,No,46,110,140,146,70,High
64,159,65,25.71100826707804,80,High,Low,Junk,No,71,13,273,125,162,High
69,154,91,38.370720188902006,88,High,High,Healthy,No,106,110,218,378,93,High
54,161,91,35.10667026735079,108,High,Medium,Junk,Yes,61,64,195,370,153,High
30,152,75,32.46191135734072,87,Moderate,Low,Healthy,Yes,81,62,247,170,122,High
41,152,80,34.62603878116344,89,Moderate,Medium,Junk,Yes,46,64,137,227,80,High
60,162,66,25.14860539551897,102,Moderate,Low,Healthy,No,13,73,121,166,85,Moderate
18,170,62,21.453287197231838,83,Moderate,High,Mixed,Yes,91,118,274,255,123,High
57,156,54,22.189349112426033,115,Moderate,Medium,Mixed,No,10,52,253,360,90,High
22,180,55,16.975308641975307,86,Moderate,Low,Junk,Yes,99,108,293,360,106,High
56,190,76,21.05263157894737,107,None,Medium,Healthy,Yes,19,44,300,86,125,Moderate
57,150,67,29.77777777777778,94,High,High,Junk,Yes,68,63,212,346,132,High
28,165,51,18.73278236914601,113,Moderate,Low,Junk,Yes,80,107,237,320,124,High
24,190,47,13.019390581717452,93,None,Low,Mixed,Yes,44,72,165,324,143,High
22,167,60,21.513858510523864,71,High,Low,Junk,No,69,81,243,111,89,High
66,163,60,22.582709172343712,102,None,High,Healthy,Yes,79,67,180,396,157,High
57,183,93,27.77031263997133,89,Moderate,Medium,Junk,Yes,119,65,122,167,145,High
70,166,93,33.74945565394107,97,Moderate,Low,Mixed,No,51,65,300,263,71,High
60,168,75,26.573129251700685,92,Moderate,Low,Healthy,No,78,32,122,183,155,Moderate
34,181,50,15.26204938799182,113,Moderate,High,Healthy,No,67,99,192,123,84,Moderate
63,167,69,24.740937287102444,102,None,High,Mixed,Yes,16,120,222,303,136,High
32,168,66,23.384353741496604,85,High,Low,Junk,No,25,91,280,118,149,High
38,151,82,35.963334941449936,74,High,High,Mixed,No,66,18,226,248,119,Moderate
54,176,88,28.40909090909091,95,High,High,Junk,Yes,33,18,184,192,100,Moderate
67,173,51,17.04032877810819,89,Moderate,Medium,Junk,No,115,90,220,349,130,High
21,163,82,30.863035868869737,113,Moderate,Low,Mixed,No,90,22,216,118,127,High
24,187,50,14.298378563870855,100,None,High,Mixed,No,111,31,125,153,81,Low
59,165,107,39.30211202938476,75,High,High,Mixed,No,104,72,264,264,90,High
60,180,74,22.839506172839506,79,Moderate,High,Healthy,Yes,56,112,150,102,105,Moderate
58,169,47,16.45600644235146,82,High,Medium,Mixed,Yes,14,92,293,231,122,High
18,181,61,18.619700253350018,119,None,Medium,Junk,Yes,55,98,252,323,80,High
19,184,83,24.515595463137995,92,None,High,Mixed,No,17,28,299,344,134,Moderate
47,187,81,23.163373273470786,116,None,High,Mixed,Yes,64,23,232,196,117,Moderate
52,157,77,31.238589800803275,114,High,High,Healthy,Yes,90,85,297,379,148,High
33,171,88,30.094730002393902,82,High,Low,Mixed,Yes,25,38,223,292,148,High
33,160,87,33.98437499999999,88,None,High,Mixed,Yes,46,73,288,317,135,High
46,157,107,43.40946894397339,106,Moderate,Low,Healthy,No,84,16,270,363,83,High
38,171,109,37.27642693478336,109,Moderate,Medium,Junk,Yes,117,103,266,108,98,High
43,157,60,24.341758286340216,111,High,High,Junk,Yes,35,49,240,344,86,High
28,187,70,20.0177299894192,112,High,Low,Mixed,No,17,93,278,102,75,Moderate
37,168,74,26.218820861678008,75,None,Low,Mixed,No,56,114,249,309,116,High
38,153,82,35.02926224956214,73,Moderate,High,Mixed,Yes,80,103,232,116,118,Moderate
44,167,103,36.9321237763993,120,None,High,Healthy,No,83,23,120,302,80,Moderate
67,185,53,15.485756026296565,99,High,High,Healthy,No,50,46,152,166,132,Moderate
47,178,50,15.780835753061481,92,None,Medium,Junk,Yes,82,107,215,293,166,High
53,166,59,21.410944984758313,94,Moderate,Medium,Mixed,No,46,54,165,274,128,High
69,179,93,29.025311319871417,94,High,Low,Healthy,Yes,51,95,238,298,145,High
40,173,74,24.725182932941294,117,High,Low,Junk,No,104,40,204,151,132,High
33,156,57,23.422090729783037,107,None,High,Junk,Yes,104,85,176,159,110,Moderate
43,171,82,28.042816593139772,113,High,Low,Mixed,No,29,46,210,255,176,High
42,179,110,34.331013389095226,108,Moderate,High,Healthy,Yes,97,19,139,388,125,High
38,150,53,23.555555555555557,95,None,Low,Mixed,No,87,21,205,165,73,Low
25,151,98,42.98057102758651,118,None,Low,Junk,No,14,18,249,334,104,High
32,182,57,17.208066658616108,84,High,Medium,Healthy,No,107,13,175,244,113,Moderate
24,168,63,22.321428571428577,74,High,Low,Mixed,Yes,69,15,296,97,79,Moderate
38,176,82,26.47210743801653,70,Moderate,Low,Healthy,No,21,93,237,279,121,Moderate
60,184,101,29.832230623818525,111,None,High,Mixed,Yes,66,91,228,232,172,High
58,156,46,18.902038132807363,100,None,High,Junk,Yes,115,82,272,335,161,High
52,179,84,26.216410224399986,73,High,Low,Mixed,Yes,97,83,284,355,130,High
49,176,65,20.983987603305785,100,High,High,Mixed,No,116,25,272,129,136,Moderate
58,153,52,22.21367849972233,76,High,High,Junk,No,67,111,209,158,117,Moderate
18,150,59,26.22222222222222,76,Moderate,Medium,Mixed,Yes,46,44,255,292,80,High
33,173,109,36.41952621203515,84,Moderate,Low,Healthy,No,68,83,121,396,116,High
28,154,63,26.564344746162927,90,Moderate,Medium,Healthy,Yes,66,33,139,321,130,High
52,173,103,34.414781649904775,90,Moderate,Medium,Healthy,Yes,40,107,128,132,166,Moderate
60,185,58,16.946676406135865,74,High,High,Healthy,Yes,69,29,202,318,156,High
44,173,101,33.746533462527985,114,None,High,Mixed,Yes,42,62,299,227,138,High
61,167,78,27.968016063681024,111,Moderate,Low,Mixed,Yes,118,107,273,394,73,High
57,188,88,24.898143956541425,109,High,High,Mixed,No,86,100,125,352,178,High
56,150,105,46.666666666666664,83,Moderate,High,Junk,Yes,116,63,300,240,82,High
25,186,99,28.61602497398543,106,None,High,Junk,Yes,36,118,134,180,92,Moderate
67,167,88,31.553659148768332,87,Moderate,Low,Mixed,No,62,86,282,383,170,High
36,171,89,30.436715570602924,106,Moderate,Low,Junk,No,85,111,246,185,160,High
29,177,78,24.897060231734173,73,Moderate,High,Junk,No,113,66,265,281,140,High
59,171,58,19.835162956123252,104,Moderate,Medium,Healthy,Yes,112,41,202,224,73,High
44,180,87,26.85185185185185,106,Moderate,Low,Mixed,Yes,22,64,123,290,109,High
21,181,93,28.387411861664784,110,None,Medium,Healthy,No,62,88,256,290,81,High
42,162,76,28.959000152415786,79,None,Medium,Junk,No,69,108,234,293,86,Moderate
62,168,102,36.13945578231293,94,None,Medium,Junk,Yes,102,106,159,133,145,High
68,165,110,40.40404040404041,108,None,Low,Junk,Yes,89,100,211,165,144,High
45,155,61,25.390218522372525,90,Moderate,Low,Mixed,No,40,59,241,289,114,Moderate
33,184,70,20.6758034026465,82,Moderate,Medium,Junk,No,70,22,235,220,179,Moderate
50,189,81,22.67573696145125,81,Moderate,High,Healthy,No,119,102,149,249,163,Moderate
37,189,64,17.91663167324543,109,None,High,Healthy,No,16,15,289,147,151,Moderate
19,169,73,25.55932915514163,84,Moderate,Medium,Healthy,Yes,75,50,152,115,154,Moderate
69,169,81,28.360351528307834,97,Moderate,Low,Junk,No,101,37,162,317,165,High
37,185,90,26.296566837107374,112,High,Low,Junk,Yes,94,32,146,372,132,High
27,163,53,19.94805976890361,97,Moderate,Medium,Junk,Yes,30,101,284,263,180,High
50,169,63,22.058051188683873,92,None,Low,Healthy,Yes,34,26,284,364,165,Moderate
44,150,102,45.333333333333336,92,High,Low,Healthy,No,55,38,254,324,71,High
31,178,74,23.355636914530994,119,High,High,Junk,No,22,113,268,303,111,High
39,171,66,22.571047501795427,92,Moderate,Medium,Healthy,Yes,91,20,265,236,133,High
37,185,99,28.926223520818112,118,Moderate,Medium,Mixed,Yes,71,22,201,249,165,High
36,178,96,30.299204645878046,90,High,High,Junk,Yes,113,102,140,108,161,High
60,176,90,29.054752066115704,70,None,Medium,Junk,No,76,62,255,385,152,High
42,154,103,43.430595378647325,113,High,Medium,Healthy,No,52,106,199,152,177,High
21,157,69,27.993022029291247,88,None,High,Healthy,Yes,12,106,224,216,115,Moderate
30,160,98,38.28124999999999,94,None,Medium,Mixed,No,33,111,161,376,176,Moderate
31,168,80,28.344671201814062,89,Moderate,Medium,Junk,No,65,63,241,165,164,High
40,175,109,35.59183673469388,109,Moderate,Medium,Junk,No,18,95,255,224,71,High
26,162,105,40.009144947416544,70,None,Medium,Junk,No,69,12,220,350,150,High
40,153,77,32.89333162458883,89,High,High,Mixed,No,103,88,143,250,138,High
30,165,55,20.202020202020204,103,High,Medium,Mixed,Yes,31,17,164,374,106,Moderate
47,154,88,37.10575139146568,85,None,Medium,Junk,Yes,14,117,270,142,160,High
18,181,104,31.745062727022983,70,Moderate,Low,Junk,No,30,81,220,280,168,High
64,168,84,29.761904761904766,80,High,Medium,Junk,No,90,72,198,353,173,High
61,176,75,24.212293388429753,89,None,High,Junk,Yes,104,87,235,91,96,Moderate
18,163,88,33.12130678610411,78,Moderate,Medium,Healthy,Yes,80,27,296,141,95,Moderate
64,189,65,18.19657904313989,82,High,High,Mixed,Yes,106,81,296,340,96,High
40,181,64,19.53542321662953,106,None,High,Healthy,No,118,40,203,332,77,Moderate
18,152,61,26.40235457063712,71,None,Low,Mixed,Yes,94,15,231,314,166,High
28,175,60,19.591836734693878,96,High,Low,Junk,Yes,85,87,212,177,81,High
50,152,88,38.08864265927978,71,High,Low,Healthy,No,89,60,234,366,169,High
31,167,71,25.458065904119906,108,Moderate,High,Healthy,Yes,93,43,177,161,75,High
46,179,73,22.783308885490467,89,None,High,Healthy,Yes,104,64,213,318,156,Moderate
28,189,48,13.437473754934073,85,Moderate,High,Healthy,Yes,32,107,265,378,152,Moderate
66,152,89,38.52146814404432,114,Moderate,High,Mixed,Yes,116,17,133,102,118,High
58,175,87,28.408163265306122,88,Moderate,Low,Junk,Yes,34,37,253,305,180,High
53,174,63,20.808561236623067,107,High,High,Mixed,Yes,82,55,272,168,79,High
54,170,57,19.723183391003463,82,None,Medium,Junk,Yes,16,24,172,125,107,Moderate
67,172,49,16.563007030827475,109,High,High,Junk,No,35,59,229,202,106,High
30,166,60,21.773842357381334,90,None,High,Mixed,Yes,32,54,276,92,109,Moderate
41,156,98,40.269559500328725,101,High,High,Healthy,Yes,99,41,258,330,155,High
22,186,90,26.014568158168572,110,High,High,Mixed,No,43,40,176,114,166,High
56,172,94,31.77393185505679,71,High,Low,Healthy,Yes,91,117,206,278,120,High
54,173,50,16.70620468441979,119,None,High,Healthy,No,21,90,263,223,131,High
46,178,100,31.561671506122963,115,None,Medium,Junk,No,23,68,273,314,83,High
66,165,101,37.09825528007347,110,None,High,Mixed,Yes,22,78,288,347,130,High
70,161,92,35.492457852706295,94,None,Medium,Junk,No,120,39,265,287,119,High
54,177,103,32.87688722908487,74,High,High,Healthy,No,109,87,152,275,92,High
62,172,109,36.84424012979989,108,None,Low,Junk,Yes,115,70,148,321,167,High
31,158,96,38.45537574106713,71,None,High,Healthy,No,75,88,269,350,123,High
28,188,59,16.693073789044817,81,High,Medium,Healthy,No,74,76,276,288,122,High
31,164,107,39.782867340868535,115,High,High,Healthy,Yes,50,99,295,210,158,High
53,190,106,29.362880886426595,93,None,High,Mixed,Yes,98,50,245,291,102,High
61,171,84,28.726787729557817,111,None,High,Junk,No,105,112,120,113,158,High
46,173,71,23.722810651876106,114,None,Low,Mixed,Yes,92,77,273,156,115,High
31,158,79,31.64556962025316,113,None,Low,Healthy,No,92,65,148,179,161,High
53,171,110,37.61841250299238,81,Moderate,High,Mixed,No,106,101,284,297,80,High
69,156,64,26.298487836949374,118,Moderate,Medium,Junk,Yes,34,110,179,123,121,High
18,176,49,15.81869834710744,100,None,Medium,Healthy,Yes,59,39,284,327,122,Moderate
48,185,101,29.510591672753833,80,Moderate,Low,Junk,Yes,87,29,172,170,79,Moderate
22,152,104,45.013850415512465,113,None,Low,Healthy,No,75,49,278,390,90,High
67,153,62,26.48553974966893,96,High,Low,Mixed,No,25,120,149,218,90,High
55,179,49,15.292905964233327,101,High,High,Mixed,Yes,96,27,188,157,115,High
42,172,105,35.49215792320173,76,Moderate,High,Healthy,Yes,67,115,211,239,109,High
49,153,87,37.165192874535435,78,Moderate,Low,Healthy,Yes,63,114,209,398,108,High
28,166,54,19.5964581216432,93,Moderate,High,Healthy,No,82,77,241,279,175,High
26,171,60,20.519134092541297,101,Moderate,High,Mixed,Yes,15,70,176,219,94,Moderate
45,159,94,37.18207349392824,113,High,High,Mixed,Yes,68,46,296,152,122,High
59,186,108,31.217481789802285,71,None,Medium,Healthy,Yes,108,49,278,288,158,High
36,169,96,33.61226847799447,114,High,Low,Junk,No,16,53,206,213,127,High
41,163,51,19.195302796492154,78,Moderate,High,Junk,No,74,69,230,198,121,Moderate
57,175,107,34.93877551020408,96,High,Low,Mixed,No,120,56,270,389,95,High
61,177,70,22.34351559258195,79,Moderate,Low,Mixed,No,110,43,224,359,89,High
28,162,101,38.48498704465782,108,Moderate,High,Junk,Yes,98,42,172,243,103,High
25,150,97,43.111111111111114,87,None,High,Healthy,Yes,97,10,291,357,139,High
42,180,53,16.358024691358022,85,High,Medium,Healthy,No,64,73,253,164,91,Moderate
32,182,68,20.528921627822726,90,Moderate,High,Healthy,No,41,50,174,395,111,Moderate
67,187,88,25.165146272412706,83,None,Low,Junk,No,13,111,256,229,80,High
24,173,78,26.061679307694877,112,None,Medium,Healthy,No,113,22,265,124,100,Moderate
56,177,102,32.557694149190844,113,High,Medium,Healthy,Yes,107,38,272,112,104,High
21,160,74,28.906249999999993,74,None,Low,Junk,No,91,38,198,377,108,Moderate
21,190,63,17.451523545706372,87,Moderate,Low,Mixed,Yes,61,63,157,322,89,High
47,190,70,19.390581717451525,103,High,Medium,Healthy,Yes,11,15,278,163,88,Moderate
19,169,85,29.76086271489094,109,None,Medium,Healthy,No,13,83,250,196,148,Moderate
20,165,53,19.467401285583104,91,Moderate,Medium,Healthy,Yes,74,90,131,155,91,Moderate
26,175,61,19.918367346938776,107,Moderate,High,Healthy,Yes,11,34,292,367,154,High
19,164,103,38.29565734681738,117,None,High,Mixed,Yes,81,34,172,204,99,High
45,159,89,35.20430362722993,93,None,High,Junk,Yes,104,53,207,186,108,Moderate
39,184,49,14.473062381852552,85,Moderate,Medium,Mixed,Yes,48,117,257,85,139,Moderate
43,175,52,16.979591836734695,90,High,Medium,Healthy,Yes,56,13,264,281,117,High
40,165,46,16.896235078053262,86,None,Medium,Healthy,Yes,41,85,260,181,135,Moderate
50,166,91,33.02366090869502,85,High,Medium,Junk,No,105,41,274,318,143,High
34,155,61,25.390218522372525,109,Moderate,High,Mixed,Yes,22,108,185,371,179,High
24,186,84,24.280263614290668,83,None,High,Mixed,Yes,102,108,198,191,78,Moderate
20,181,77,23.503556057507403,84,High,Low,Mixed,Yes,36,115,139,263,119,Moderate
24,164,86,31.975014872099948,86,None,Medium,Junk,No,109,97,212,242,170,High
20,174,91,30.056810675122207,114,None,High,Junk,Yes,64,118,227,95,127,High
57,185,81,23.66691015339664,73,Moderate,Medium,Mixed,No,36,37,163,151,70,Low
38,165,106,38.93480257116621,107,High,Low,Healthy,No,62,12,179,118,91,High
36,179,49,15.292905964233327,72,None,Low,Mixed,No,48,63,223,377,94,Moderate
53,185,71,20.74506939371804,73,High,High,Mixed,Yes,106,11,270,299,165,High
31,178,95,29.983587930816814,119,None,Medium,Junk,Yes,92,55,285,194,103,High
69,159,85,33.62208773387128,115,None,Medium,Junk,Yes,59,35,174,382,169,High
45,158,107,42.8617208780644,105,Moderate,Low,Junk,Yes,109,106,186,179,129,High
43,186,93,26.881720430107524,77,High,Low,Mixed,Yes,10,77,125,228,109,High
53,151,45,19.735976492259113,92,High,Low,Junk,Yes,46,34,160,201,179,High
70,183,89,26.575890590940304,76,High,Medium,Junk,No,64,25,298,362,136,High
45,185,95,27.757487216946675,118,Moderate,Low,Healthy,No,119,89,201,265,90,High
62,184,80,23.629489603024574,106,None,High,Junk,No,35,96,245,331,86,High
59,154,81,34.15415753078091,91,Moderate,High,Junk,No,71,22,162,281,81,High
35,181,69,21.06162815542871,117,None,Medium,Mixed,Yes,117,39,203,132,92,Moderate
36,186,61,17.632096196092032,93,None,High,Healthy,Yes,93,108,193,324,162,Moderate
47,177,64,20.428357113217785,101,None,Low,Junk,Yes,93,79,225,247,86,High
32,183,96,28.666129176744597,79,None,Medium,Junk,No,100,54,263,159,81,Moderate
54,159,92,36.39096554724892,118,None,Low,Healthy,Yes,26,42,163,298,124,High
68,161,62,23.9188302920412,105,High,High,Junk,No,44,93,153,126,83,High
21,152,58,25.10387811634349,108,None,High,Healthy,Yes,55,12,254,82,151,High
68,154,106,44.69556417608366,117,Moderate,Medium,Junk,Yes,11,45,241,301,73,High
61,151,83,36.40191219683347,88,None,Medium,Mixed,Yes,14,26,157,111,90,Moderate
51,179,81,25.280109859242845,116,Moderate,High,Junk,Yes,62,112,290,206,135,High
57,175,58,18.93877551020408,89,High,High,Healthy,No,65,40,266,327,103,High
32,180,91,28.086419753086417,109,High,Low,Junk,Yes,46,92,246,80,176,High
25,185,48,14.024835646457266,120,High,Medium,Mixed,No,52,68,173,110,116,Moderate
21,189,82,22.955684331345708,108,Moderate,Low,Junk,Yes,114,28,147,95,74,High
66,173,106,35.41715393096996,113,Moderate,Low,Junk,Yes,67,61,176,309,158,High
45,165,66,24.242424242424246,84,None,Medium,Mixed,No,61,112,217,376,133,Moderate
58,154,85,35.84078259402935,88,Moderate,Medium,Healthy,Yes,49,43,254,93,143,High
64,173,93,31.073540713020815,89,High,High,Junk,Yes,17,95,131,241,98,High
37,163,77,28.981143437841094,106,None,High,Junk,No,51,13,220,380,174,High
43,162,57,21.719250114311837,86,None,Low,Healthy,No,21,12,199,380,158,Moderate
47,176,80,25.826446280991735,89,None,Medium,Mixed,No,43,50,219,279,79,Moderate
27,161,58,22.375679950619187,90,None,High,Junk,No,58,63,184,259,112,Moderate
40,162,52,19.81405273586343,109,High,Low,Mixed,Yes,23,92,283,390,81,High
52,169,71,24.859073561850078,116,Moderate,Low,Mixed,Yes,30,31,249,179,157,High
32,186,51,14.74158862296219,94,Moderate,Low,Mixed,No,63,89,162,188,99,Moderate
18,172,63,21.29529475392104,82,High,Medium,Mixed,Yes,87,99,246,155,166,High
19,185,88,25.712198685171657,91,High,High,Mixed,No,37,103,244,94,158,Moderate
28,181,71,21.672110130948383,74,High,Medium,Mixed,No,108,13,153,136,177,Moderate
58,159,45,17.799928800284796,83,None,High,Mixed,No,114,65,130,233,166,Moderate
51,181,95,28.997893837184456,80,High,Medium,Junk,No,21,94,203,223,111,High
19,176,72,23.243801652892564,114,High,High,Mixed,No,11,109,202,208,138,High
29,182,78,23.54788069073783,74,None,Medium,Junk,No,83,22,288,145,178,Moderate
51,164,61,22.679952409280194,90,None,Low,Junk,Yes,89,22,134,289,147,High
29,178,48,15.149602322939023,120,None,Low,Mixed,Yes,61,24,191,85,129,Moderate
28,186,54,15.608740894901143,74,None,Medium,Mixed,Yes,57,102,131,330,141,Moderate
30,166,89,32.29786616344898,97,None,High,Junk,No,57,71,163,285,85,High
45,170,87,30.103806228373706,98,High,Medium,Junk,Yes,73,93,272,397,117,High
50,158,48,19.227687870533565,96,High,Low,Healthy,Yes,101,109,196,297,170,High
68,188,110,31.12267994567678,90,None,Low,Healthy,Yes,17,49,209,118,141,High
28,156,54,22.189349112426033,89,Moderate,High,Healthy,Yes,96,103,188,119,116,Moderate
18,153,50,21.35930624973301,108,None,Low,Mixed,Yes,73,28,233,339,74,High
58,173,52,17.374452871796585,72,High,High,Healthy,Yes,118,37,246,204,137,High
42,152,98,42.41689750692521,98,None,High,Mixed,Yes,35,77,285,113,163,Moderate
29,182,83,25.057360222195385,77,None,High,Mixed,No,102,38,182,168,97,Low
22,179,53,16.541306451109516,96,High,Low,Healthy,No,90,59,138,239,80,High
22,152,74,32.029085872576175,96,Moderate,High,Mixed,No,83,71,242,371,91,High
30,188,81,22.917609778180175,100,None,High,Healthy,No,63,106,122,86,119,Low
33,169,91,31.861629494765594,87,None,Low,Mixed,Yes,64,112,148,273,117,High
59,167,74,26.533758829646096,91,Moderate,High,Junk,No,113,65,288,80,134,High
41,180,74,22.839506172839506,82,None,Medium,Healthy,No,103,93,271,231,162,Moderate
30,186,66,19.07734998265695,111,None,Low,Junk,Yes,84,58,180,210,124,High
62,161,94,36.264033023417305,92,High,Low,Junk,No,74,46,149,255,101,High
59,169,62,21.707923392038097,117,None,High,Healthy,Yes,98,18,174,161,100,Moderate
48,171,87,29.75274443418488,80,None,Medium,Junk,Yes,80,69,267,249,81,High
48,169,48,16.806134238997235,95,None,High,Healthy,No,70,47,233,376,97,Moderate
22,150,62,27.555555555555557,70,High,Medium,Mixed,Yes,25,84,289,272,172,High
42,174,66,21.79944510503369,117,None,Low,Mixed,Yes,88,33,191,90,125,Moderate
35,179,98,30.585811928466654,82,Moderate,High,Mixed,No,103,23,288,300,97,Moderate
52,158,66,26.43807082198365,84,Moderate,Low,Junk,No,33,92,274,160,121,High
30,166,78,28.305995064595734,85,None,High,Junk,Yes,12,104,229,333,72,Moderate
48,151,101,44.29630279373712,75,Moderate,High,Junk,No,26,26,164,218,96,Moderate
38,150,66,29.333333333333332,101,Moderate,High,Mixed,No,26,100,195,374,114,Moderate
42,164,110,40.898274836406905,86,None,High,Mixed,No,74,11,237,391,167,Moderate
68,180,89,27.469135802469133,74,None,High,Healthy,Yes,113,75,151,127,153,High
41,179,55,17.165506694547613,96,None,Medium,Junk,Yes,91,66,274,388,82,High
58,167,87,31.1950948402596,76,None,High,Healthy,Yes,120,59,131,280,140,High
64,164,105,39.03926234384296,91,None,High,Junk,Yes,13,91,230,337,144,High
53,186,98,28.326974216672443,117,Moderate,Low,Mixed,No,42,10,253,331,71,High
26,174,91,30.056810675122207,81,None,High,Junk,No,97,12,298,88,162,Moderate
39,174,66,21.79944510503369,116,Moderate,Medium,Mixed,Yes,11,30,191,324,151,Moderate
67,179,110,34.331013389095226,93,Moderate,Low,Junk,No,23,48,201,322,73,High
39,179,93,29.025311319871417,118,None,Medium,Junk,Yes,107,28,136,352,117,High
27,178,73,23.04002019946976,91,High,Medium,Mixed,No,95,23,243,237,97,Moderate
60,160,90,35.15624999999999,90,Moderate,Low,Healthy,No,54,32,222,278,122,High
44,161,97,37.42139577948381,75,Moderate,Medium,Junk,Yes,116,35,228,175,117,Moderate
39,162,89,33.91251333638164,88,None,High,Junk,No,81,37,188,125,159,Moderate
58,153,47,20.07774787474903,107,Moderate,Low,Mixed,Yes,90,67,235,249,113,High
46,158,62,24.83576349943919,118,None,Low,Healthy,No,95,62,159,92,72,Moderate
24,188,103,29.14214576731553,112,None,Medium,Junk,Yes,41,67,230,97,179,High
26,151,51,22.367440024560327,117,Moderate,Low,Mixed,Yes,40,49,152,350,105,High
47,158,70,28.040378144528116,106,High,High,Junk,No,40,98,135,200,92,Moderate
59,158,67,26.83864765261977,108,Moderate,High,Junk,No,113,106,160,241,90,High
68,184,45,13.291587901701323,104,Moderate,Low,Junk,No,64,34,187,394,170,High
42,163,81,30.48665738266401,101,None,Low,Mixed,No,65,70,272,181,157,High
36,162,62,23.624447492760247,81,High,Low,Junk,Yes,119,112,148,167,92,High
31,168,85,30.116213151927443,77,High,High,Junk,Yes,118,102,184,323,82,High
26,180,47,14.506172839506172,102,High,High,Junk,Yes,27,70,201,226,135,High
42,174,47,15.523847271766416,73,High,High,Junk,No,64,33,175,339,101,Moderate
35,153,68,29.04865649963689,118,Moderate,Low,Mixed,Yes,13,75,149,212,81,High
39,173,107,35.751278024658355,120,None,High,Mixed,Yes,79,112,287,135,153,High
48,150,83,36.888888888888886,86,High,High,Mixed,No,114,88,191,203,107,High
44,175,60,19.591836734693878,97,Moderate,Medium,Healthy,Yes,36,33,136,234,165,Moderate
55,176,47,15.173037190082646,81,High,Medium,Junk,No,42,59,261,344,128,High
58,150,47,20.88888888888889,87,Moderate,Low,Mixed,No,41,45,205,320,95,High
21,166,60,21.773842357381334,94,Moderate,High,Junk,Yes,85,105,230,185,80,Moderate
62,172,50,16.901027582477017,71,Moderate,Low,Junk,Yes,60,42,196,130,131,High
56,166,99,35.9268398896792,93,Moderate,Medium,Mixed,Yes,100,101,153,255,148,High
38,187,97,27.738854413909458,108,None,Medium,Healthy,No,26,26,267,357,154,Moderate
49,190,66,18.282548476454295,116,Moderate,Medium,Healthy,No,52,51,200,262,99,Moderate
36,183,102,30.457762250291136,85,Moderate,Low,Mixed,Yes,69,112,161,267,152,High
51,156,97,39.85864562787639,87,None,High,Healthy,No,111,68,123,165,119,Moderate
67,159,85,33.62208773387128,99,None,High,Mixed,Yes,86,82,161,266,178,High
18,165,61,22.4058769513315,73,High,High,Healthy,No,112,62,155,156,106,Moderate
38,174,61,20.147971991015986,74,Moderate,Medium,Junk,No,92,34,244,92,97,Moderate
19,189,104,29.114526469023826,87,None,Low,Mixed,No,56,58,190,206,104,Moderate
34,187,55,15.72821642025794,114,Moderate,Low,Mixed,Yes,49,83,289,144,153,High
21,170,98,33.91003460207613,118,None,Medium,Mixed,Yes,42,26,287,388,158,High
42,156,60,24.654832347140037,83,Moderate,Low,Junk,No,25,111,167,167,79,Moderate
65,190,72,19.94459833795014,110,None,Low,Junk,Yes,73,28,141,92,79,High
52,156,95,39.036817882971725,75,Moderate,Low,Mixed,Yes,89,112,267,225,104,High
33,150,59,26.22222222222222,100,High,High,Mixed,Yes,15,29,264,250,153,High
37,180,103,31.79012345679012,95,Moderate,High,Junk,No,65,46,271,318,137,High
43,161,93,35.878245438061796,108,High,Low,Mixed,Yes,53,46,219,165,93,High
47,175,62,20.244897959183675,109,Moderate,Medium,Healthy,Yes,23,52,288,187,159,Moderate
36,166,80,29.03178980984178,97,Moderate,High,Mixed,Yes,40,24,153,242,177,Moderate
38,186,103,29.772228003237366,73,High,Medium,Healthy,No,101,20,262,307,116,High
67,155,84,34.96357960457856,119,High,Medium,Mixed,No,52,30,133,150,110,High
49,164,96,35.693039857227845,117,None,Medium,Junk,No,118,61,234,321,135,High
54,162,82,31.24523700655387,92,None,Low,Healthy,No,36,28,228,375,112,Moderate
32,161,89,34.33509509663978,101,Moderate,Medium,Mixed,No,74,87,178,290,83,High
60,164,70,26.026174895895306,113,High,Medium,Junk,No,80,20,292,87,93,High
62,180,69,21.296296296296294,91,High,High,Junk,Yes,83,84,252,285,73,High
62,167,98,35.139302233855645,73,High,Medium,Junk,Yes,80,12,289,324,91,High
28,153,81,34.602076124567475,72,High,High,Healthy,Yes,80,95,181,128,102,High
41,167,66,23.66524436157625,77,Moderate,Low,Mixed,No,80,106,271,83,178,Moderate
52,177,85,27.13141179099237,106,None,Medium,Healthy,No,12,100,158,97,131,Moderate
39,162,86,32.769394909312595,103,None,Low,Healthy,No,53,27,241,277,100,High
18,152,69,29.864958448753463,93,High,Medium,Healthy,Yes,52,26,289,145,75,Moderate
43,171,103,35.224513525529225,78,None,High,Mixed,Yes,100,46,233,394,70,High
56,171,102,34.88252795732021,79,Moderate,Medium,Mixed,No,50,36,256,377,109,High
29,161,48,18.517804097064154,113,High,Medium,Healthy,No,89,86,145,302,95,High
40,157,60,24.341758286340216,119,Moderate,Medium,Mixed,Yes,39,118,171,101,121,Moderate
49,188,82,23.20054323223178,73,Moderate,Low,Healthy,Yes,10,15,248,333,73,Moderate
37,187,64,18.301924561754696,118,High,Medium,Mixed,No,77,99,197,214,148,High
55,178,56,17.67453604342886,117,High,Low,Junk,No,70,52,167,165,73,High
55,153,92,39.30112349950873,118,High,Low,Healthy,No,46,114,152,179,73,High
49,172,77,26.027582477014604,114,None,Medium,Junk,Yes,25,25,198,151,88,Moderate
56,190,51,14.127423822714682,100,High,High,Junk,No,68,54,124,105,128,High
21,171,49,16.75729284224206,92,None,Low,Mixed,No,63,17,300,277,80,Moderate
61,161,70,27.005130974885226,70,Moderate,Medium,Junk,No,120,65,244,315,101,High
61,175,56,18.285714285714285,88,None,Low,Healthy,Yes,43,102,138,197,129,High
44,182,68,20.528921627822726,105,High,Low,Junk,Yes,93,73,179,318,97,High
54,159,60,23.73323840037973,94,None,Low,Mixed,Yes,41,46,247,82,136,High
24,164,53,19.705532421177875,99,High,Medium,Mixed,Yes,108,99,202,151,119,Moderate
32,165,107,39.30211202938476,72,None,High,Mixed,Yes,104,43,229,201,157,High
56,177,99,31.600114909508758,120,None,Medium,Mixed,Yes,102,118,242,259,130,High
23,153,108,46.1361014994233,79,None,Medium,Healthy,Yes,12,54,213,278,171,Moderate
61,161,67,25.847768218818715,94,None,High,Mixed,No,113,84,230,210,134,High
58,169,58,20.307412205454995,120,High,High,Junk,Yes,50,103,152,93,138,High
43,169,65,22.758306781975424,97,None,Low,Mixed,No,104,80,231,185,70,Moderate
63,179,86,26.840610467838083,75,High,High,Mixed,Yes,83,47,138,98,141,High
33,153,76,32.46614549959418,89,None,Low,Junk,No,87,71,287,215,128,High
20,169,91,31.861629494765594,90,Moderate,Low,Healthy,Yes,29,29,286,285,92,High
23,156,63,25.88757396449704,110,High,Low,Mixed,Yes,94,62,136,340,94,High
31,177,66,21.06674327300584,103,High,High,Junk,Yes,76,42,285,305,140,High
45,190,53,14.681440443213297,72,Moderate,Medium,Junk,Yes,64,76,166,188,138,Moderate
69,161,47,18.132016511708652,76,None,Low,Healthy,No,63,90,166,133,155,Moderate
30,184,64,18.90359168241966,116,Moderate,Medium,Junk,No,28,94,225,292,165,High
63,173,61,20.381569714992146,107,None,Medium,Healthy,Yes,70,92,276,362,117,High
58,159,107,42.324275147343855,104,Moderate,Low,Mixed,No,26,71,299,155,104,High
61,151,68,29.823253366080436,99,High,High,Mixed,No,104,72,188,216,166,High
50,169,49,17.15626203564301,75,Moderate,Low,Junk,No,18,96,248,393,89,Moderate
69,169,73,25.55932915514163,89,High,High,Junk,No,78,12,153,204,157,High
56,187,108,30.884497697961045,92,None,Low,Mixed,No,69,12,226,134,141,Moderate
34,168,99,35.0765306122449,95,None,Low,Junk,No,53,99,263,115,150,High
69,155,94,39.12591050988553,73,None,Medium,Junk,Yes,18,61,204,373,180,High
27,179,82,25.592209980961893,96,High,Low,Healthy,Yes,54,69,198,314,70,High
21,161,84,32.40615716986227,90,Moderate,High,Junk,No,51,35,293,147,111,Moderate
20,155,79,32.882414151925076,82,High,High,Healthy,Yes,48,10,284,259,171,High
51,168,79,27.99036281179139,74,Moderate,Low,Mixed,No,62,115,133,114,159,High
51,184,88,25.99243856332703,72,Moderate,Low,Mixed,Yes,32,19,248,346,169,High
56,184,63,18.608223062381853,118,High,Medium,Mixed,Yes,116,19,300,270,73,High
41,178,108,34.086605226612804,73,High,High,Healthy,Yes,60,57,143,319,180,High
51,180,50,15.432098765432098,70,High,Medium,Healthy,Yes,92,17,146,140,90,Moderate
49,153,46,19.650561749754367,93,High,Medium,Healthy,Yes,31,61,139,308,113,Moderate
21,166,91,33.02366090869502,87,High,Medium,Junk,No,88,92,291,281,82,High
18,172,98,33.12601406165495,83,Moderate,High,Healthy,Yes,111,25,153,236,130,High
61,161,95,36.64982060877281,109,High,Low,Mixed,No,114,88,123,168,71,High
58,188,45,12.73200543232232,113,Moderate,Medium,Mixed,No,110,25,217,357,98,Moderate
20,154,59,24.87771968291449,82,None,Low,Healthy,No,60,119,240,137,153,Moderate
47,151,50,21.928862769176792,83,Moderate,Medium,Mixed,Yes,10,70,199,102,121,Low
59,184,82,24.22022684310019,88,None,High,Junk,No,60,23,237,329,116,Moderate
54,185,109,31.84806428049671,104,Moderate,Medium,Healthy,Yes,16,30,149,341,171,High
56,184,99,29.24149338374291,95,High,Low,Junk,Yes,30,33,191,225,138,High
32,160,76,29.687499999999993,81,None,High,Healthy,Yes,25,19,165,350,73,Moderate
66,157,103,41.78668505821737,81,High,Medium,Healthy,No,71,88,137,319,142,High
20,179,105,32.770512780499985,116,None,Medium,Healthy,No,62,13,157,83,177,Moderate
19,160,64,24.999999999999996,97,High,Low,Junk,Yes,104,92,250,343,117,High
21,188,56,15.844273426889997,86,None,Low,Mixed,Yes,20,61,124,252,152,Moderate
18,176,88,28.40909090909091,80,None,Medium,Healthy,No,77,28,268,321,109,Moderate
69,165,96,35.26170798898072,120,None,Medium,Mixed,No,31,28,219,252,92,Moderate
44,175,60,19.591836734693878,87,None,Medium,Healthy,No,39,77,186,248,161,Moderate
63,153,96,41.009867999487376,98,High,Medium,Healthy,Yes,73,104,166,109,88,High
60,156,59,24.243918474687703,103,High,Low,Healthy,No,110,110,262,106,91,High
46,185,69,20.16070124178232,84,Moderate,Medium,Healthy,Yes,16,70,179,141,82,Low
45,161,90,34.72088268199529,70,None,High,Mixed,Yes,113,85,240,243,83,High
56,162,100,38.10394756896814,76,Moderate,High,Mixed,No,18,38,244,90,133,Moderate
60,184,87,25.697069943289225,93,None,Low,Junk,No,15,69,125,240,104,High
67,173,45,15.035584215977813,70,Moderate,Low,Mixed,No,21,92,280,275,151,High
26,162,99,37.722908093278456,116,Moderate,Low,Healthy,No,39,104,216,204,103,High
65,180,66,20.37037037037037,95,High,High,Junk,No,69,109,205,238,136,High
54,174,79,26.09327520147972,99,High,Low,Healthy,Yes,103,25,250,232,105,High
50,182,70,21.132713440405748,92,Moderate,Medium,Junk,No,83,32,180,374,143,Moderate
47,181,89,27.16644791062544,95,None,High,Junk,No,37,54,124,111,167,Moderate
46,176,45,14.527376033057852,101,None,High,Mixed,No,22,86,131,99,107,Low
44,151,56,24.560326301478007,73,High,Low,Healthy,Yes,55,88,152,115,164,High
36,151,105,46.05061181527126,88,Moderate,High,Mixed,Yes,110,104,225,153,174,High
19,157,106,43.00377297253438,75,Moderate,Low,Healthy,Yes,97,64,166,102,84,High
69,172,107,36.168199026500815,95,Moderate,Low,Mixed,No,114,57,270,285,77,High
62,177,104,33.1960803089789,117,High,High,Mixed,Yes,48,110,121,387,121,High
24,153,62,26.48553974966893,118,High,Low,Mixed,Yes,87,114,274,295,153,High
43,159,49,19.382144693643447,88,None,Low,Mixed,Yes,33,34,180,270,158,Moderate
35,153,71,30.33021487462087,114,High,High,Junk,No,85,120,237,381,113,High
69,187,68,19.445794846864363,111,High,Low,Mixed,Yes,27,36,137,367,78,High
20,182,79,23.849776597029344,95,None,High,Mixed,Yes,97,119,149,296,151,Moderate
50,167,46,16.493958191401628,78,Moderate,Low,Mixed,Yes,104,55,130,241,133,High
23,188,80,22.634676324128566,86,Moderate,Low,Mixed,No,74,79,150,150,130,Moderate
22,168,71,25.15589569160998,113,High,High,Healthy,No,21,17,134,390,147,High
20,156,56,23.011176857330703,72,None,Medium,Healthy,Yes,22,110,294,269,143,Moderate
28,183,87,25.97867956642479,82,High,Low,Junk,No,100,74,233,110,144,High
22,175,57,18.612244897959183,89,High,High,Healthy,Yes,51,82,154,113,162,Moderate
24,158,73,29.242108636436463,93,Moderate,High,Junk,Yes,82,33,188,396,98,High
50,177,67,21.38593635289987,107,Moderate,High,Mixed,No,49,81,201,242,109,Moderate
53,166,50,18.144868631151112,95,None,Medium,Junk,Yes,10,63,243,291,122,High
35,150,81,36.0,108,High,Low,Mixed,No,54,27,213,300,157,High
57,172,89,30.08382909680909,107,High,Low,Healthy,Yes,21,47,211,272,111,High
50,187,62,17.72998941919986,85,High,Medium,Healthy,No,110,20,167,133,169,Moderate
39,158,92,36.85306841852267,72,Moderate,High,Mixed,No,82,84,128,104,85,Moderate
34,172,46,15.548945375878855,120,High,Low,Healthy,No,28,62,285,331,70,High
66,161,65,25.076193048107708,103,High,High,Junk,No,27,100,151,380,143,High
35,151,58,25.437480812245077,77,Moderate,Medium,Mixed,No,40,99,233,330,131,Moderate
29,180,59,18.209876543209877,113,None,Medium,Mixed,Yes,19,70,121,229,97,Moderate
30,188,85,24.049343594386603,116,Moderate,High,Healthy,Yes,86,105,258,280,142,High
32,167,65,23.306680053067517,98,High,High,Mixed,Yes,97,119,166,342,84,High
24,182,61,18.41565028378215,90,High,Low,Mixed,No,118,11,136,395,87,Moderate
22,151,61,26.753212578395683,118,High,Medium,Mixed,Yes,48,85,254,363,117,High
18,182,91,27.47252747252747,103,High,Medium,Healthy,No,71,57,159,287,113,High
58,167,48,17.21108680841909,91,None,Low,Junk,No,96,117,148,336,107,High
30,173,91,30.405292525644022,105,Moderate,Low,Mixed,Yes,115,77,167,292,86,High
22,150,54,24.0,91,None,Low,Junk,Yes,81,94,270,213,93,High
49,161,60,23.147255121330193,112,None,Medium,Healthy,Yes,38,52,187,96,72,Moderate
45,180,84,25.925925925925924,99,Moderate,Medium,Healthy,No,109,26,297,169,174,Moderate
65,156,61,25.06574621959237,80,High,Low,Mixed,No,90,42,250,275,110,High
58,157,95,38.541117286705344,108,Moderate,Low,Mixed,No,93,86,244,294,98,High
49,170,60,20.761245674740486,101,Moderate,High,Mixed,Yes,75,20,236,140,132,Moderate
62,164,63,23.423557406305775,82,None,Medium,Junk,No,44,117,216,166,158,Moderate
41,174,95,31.37798916633637,115,None,Low,Healthy,No,77,38,130,157,123,Moderate
42,171,56,19.15119181970521,89,High,High,Healthy,Yes,11,55,248,144,130,Moderate
55,152,100,43.282548476454295,72,None,Low,Healthy,No,78,50,245,130,125,High
43,181,76,23.198315069747565,101,Moderate,Medium,Healthy,No,84,56,284,259,123,High
48,151,77,33.77044866453226,74,None,High,Healthy,No,110,56,180,321,160,High
70,159,106,41.92872117400419,71,High,High,Mixed,No,81,43,206,332,85,High
33,190,54,14.958448753462605,107,Moderate,High,Healthy,Yes,59,76,266,133,77,High
19,173,46,15.36970830966621,76,High,Low,Healthy,No,99,75,124,120,108,Moderate
49,172,76,25.689561925365066,99,Moderate,Low,Healthy,No,58,27,243,291,177,High
41,175,56,18.285714285714285,90,High,High,Healthy,Yes,98,49,124,104,168,Moderate
36,176,47,15.173037190082646,87,High,Low,Mixed,No,54,101,215,300,171,High
66,190,59,16.343490304709142,99,Moderate,Low,Healthy,Yes,100,55,262,92,131,High
43,163,66,24.840980089578082,83,Moderate,Low,Healthy,No,56,49,159,310,96,Moderate
21,172,99,33.46403461330449,95,None,Low,Healthy,No,57,39,287,158,126,Moderate
55,164,104,38.667459845330164,106,High,High,Healthy,Yes,49,67,231,296,176,High
43,164,107,39.782867340868535,106,Moderate,High,Healthy,No,120,102,268,295,178,High
50,167,47,16.85252249991036,92,Moderate,Low,Junk,No,14,92,194,258,144,Moderate
35,159,54,21.359914560341757,105,None,High,Mixed,No,94,106,168,177,179,Moderate
37,171,91,31.120686707020965,95,High,High,Healthy,No,113,82,289,215,113,High
33,187,85,24.307243558580453,111,Moderate,Medium,Mixed,No,36,50,199,184,167,Moderate
23,163,50,18.818924310286427,119,None,Medium,Mixed,No,87,111,220,184,71,Moderate
47,175,84,27.428571428571427,100,High,High,Healthy,No,21,58,121,155,72,Moderate
65,190,79,21.883656509695292,86,High,High,Mixed,Yes,60,83,265,168,77,High
47,186,57,16.475893166840095,95,None,High,Mixed,No,94,101,199,198,114,Low
39,175,71,23.183673469387756,103,High,Medium,Healthy,No,108,28,182,391,167,High
26,150,90,40.0,73,Moderate,Low,Healthy,Yes,17,81,265,223,163,High
61,172,49,16.563007030827475,89,High,High,Healthy,No,96,100,258,126,86,Moderate
57,163,53,19.94805976890361,115,Moderate,Low,Junk,Yes,12,117,259,247,148,High
67,178,45,14.202752177755334,115,Moderate,Low,Junk,No,119,85,178,258,100,High
32,174,97,32.038578411943455,101,High,Medium,Junk,No,39,14,175,346,145,High
65,190,105,29.085872576177287,103,None,High,Junk,Yes,52,74,187,383,136,High
65,166,46,16.693279140659023,94,Moderate,Medium,Junk,Yes,79,48,240,335,78,High
43,152,65,28.133656509695292,111,None,High,Mixed,No,47,93,170,304,150,High
52,187,61,17.444021847922443,74,Moderate,Medium,Mixed,No,115,91,249,294,134,High
31,164,81,30.116002379535995,104,High,Low,Junk,No,60,17,237,262,76,High
69,187,89,25.45111384369012,100,Moderate,High,Healthy,Yes,49,98,146,190,165,High
58,190,59,16.343490304709142,104,Moderate,High,Junk,Yes,113,75,209,367,122,High
18,187,81,23.163373273470786,93,None,Low,Junk,Yes,82,94,231,155,151,High
29,181,106,32.35554470254266,79,None,Low,Healthy,No,41,32,211,288,82,Moderate
61,155,62,25.806451612903224,90,None,Medium,Healthy,No,88,70,292,107,111,Moderate
20,161,61,23.533042706685695,99,Moderate,Low,Healthy,Yes,68,114,215,87,144,Moderate
32,157,56,22.7189744005842,105,None,High,Junk,Yes,26,108,160,267,148,High
64,164,91,33.834027364663896,88,Moderate,Low,Healthy,Yes,69,38,199,231,71,High
44,178,61,19.252619618735007,77,Moderate,High,Junk,Yes,15,28,131,265,95,Moderate
25,188,69,19.52240832956089,113,None,High,Healthy,Yes,24,37,139,290,160,Moderate
47,172,45,15.210924824229314,72,Moderate,Medium,Junk,No,23,90,156,100,93,Low
24,165,47,17.263544536271812,91,Moderate,High,Mixed,Yes,117,97,127,145,111,Moderate
31,169,92,32.21175729141137,104,High,Low,Mixed,Yes,43,39,205,246,101,High
28,165,110,40.40404040404041,102,Moderate,Low,Mixed,No,50,66,230,175,96,High
33,190,55,15.235457063711912,108,None,Low,Junk,Yes,93,42,150,244,158,High
20,190,99,27.423822714681442,77,High,Medium,Mixed,No,17,109,293,100,114,Moderate
61,175,86,28.081632653061224,105,Moderate,Low,Junk,No,107,14,136,313,135,High
66,185,60,17.531044558071585,113,Moderate,Medium,Healthy,Yes,118,119,206,373,144,High
63,150,71,31.555555555555557,97,High,High,Mixed,No,92,24,134,375,93,High
50,152,50,21.641274238227147,115,None,Medium,Mixed,No,63,38,181,211,73,Moderate
22,153,55,23.49523687470631,102,None,High,Mixed,Yes,53,110,237,231,156,High
51,159,55,21.75546853368142,105,High,Medium,Junk,Yes,49,24,136,301,161,High
29,161,72,27.776706145596233,76,None,Medium,Junk,Yes,78,16,152,160,117,Moderate
37,169,70,24.508945765204302,86,None,Low,Mixed,No,57,109,237,250,92,Moderate
63,154,66,27.82931354359926,77,Moderate,Low,Mixed,No,99,25,191,83,130,Moderate
32,157,76,30.832893829364274,81,None,Medium,Junk,Yes,101,105,244,111,77,High
24,188,78,22.068809416025353,114,None,High,Mixed,No,23,69,291,368,142,Moderate
69,160,56,21.874999999999996,108,None,Medium,Mixed,No,23,97,127,192,166,Moderate
52,187,46,13.154508278761186,70,None,High,Junk,Yes,82,96,181,329,150,High
53,173,70,23.38868655818771,93,Moderate,Medium,Mixed,No,99,50,147,383,93,Moderate
69,161,48,18.517804097064154,86,High,Low,Healthy,No,92,115,228,132,124,Moderate
61,165,97,35.62901744719927,104,High,Low,Healthy,No,48,10,212,173,108,High
44,154,46,19.396188227357058,83,High,High,Mixed,No,97,109,264,272,172,High
32,158,99,39.65710623297548,81,High,Low,Junk,No,50,36,152,238,112,High
47,186,74,21.389756041160826,94,High,Medium,Healthy,Yes,119,43,193,347,179,High
33,175,105,34.285714285714285,94,None,High,Healthy,Yes,17,90,206,201,87,Moderate
42,177,50,15.959653994701394,84,Moderate,Medium,Junk,No,59,118,219,226,80,Moderate
18,156,58,23.83300460223537,106,None,Medium,Mixed,Yes,89,112,296,354,170,High
43,153,70,29.903028749626213,108,Moderate,Low,Junk,Yes,69,35,137,187,81,High
37,187,93,26.59498412879979,107,High,Medium,Mixed,Yes,115,24,205,163,103,High
69,161,101,38.96454612090582,101,None,High,Healthy,Yes,72,108,257,106,116,High
41,176,49,15.81869834710744,75,Moderate,Medium,Healthy,No,115,85,163,95,120,Moderate
66,152,48,20.775623268698062,96,High,Medium,Junk,No,96,40,287,302,157,High
27,183,61,18.21493624772313,72,High,Low,Mixed,Yes,108,81,121,236,128,High
45,152,82,35.49168975069252,115,Moderate,Medium,Junk,Yes,75,95,278,314,140,High
52,176,76,24.535123966942148,112,High,Low,Junk,No,82,67,164,389,132,High
32,159,52,20.56880661366243,95,None,Low,Healthy,Yes,87,112,244,330,137,High
69,173,99,33.07828527515119,101,None,Medium,Mixed,Yes,116,107,210,269,127,High
21,164,68,25.282569898869724,76,Moderate,Medium,Mixed,No,21,24,190,341,169,Moderate
23,189,47,13.157526385039613,81,None,High,Junk,No,120,111,247,102,148,Moderate
27,150,49,21.77777777777778,71,High,Low,Junk,Yes,22,10,129,156,175,Moderate
31,179,59,18.413907181423802,75,Moderate,Medium,Mixed,No,35,106,234,219,131,Moderate
18,165,107,39.30211202938476,113,High,High,Junk,No,25,55,297,387,122,High
68,180,87,26.85185185185185,114,None,Medium,Mixed,Yes,91,17,257,394,171,High
32,158,96,38.45537574106713,119,None,High,Mixed,No,15,103,214,108,71,Moderate
46,171,85,29.06877329776684,119,None,Medium,Junk,No,84,118,272,218,72,High
45,184,77,22.743383742911153,70,High,High,Healthy,No,75,85,142,360,103,Moderate
20,156,98,40.269559500328725,90,Moderate,Medium,Healthy,No,18,43,192,311,83,Moderate
57,167,62,22.230987127541326,102,None,High,Healthy,No,39,62,174,244,174,Moderate
27,164,74,27.513384889946465,113,High,High,Junk,No,71,47,194,179,147,High
43,158,51,20.429418362441915,94,Moderate,Medium,Mixed,Yes,74,17,158,154,104,Moderate
61,162,83,31.626276482243554,77,Moderate,Medium,Mixed,No,56,90,207,277,101,High
61,178,80,25.24933720489837,119,High,Medium,Healthy,No,28,114,246,213,140,High
48,175,49,16.0,74,None,Medium,Junk,No,95,102,250,381,148,High
27,166,100,36.289737262302225,98,None,Low,Mixed,No,37,96,202,328,171,Moderate
60,157,94,38.135421315266335,87,High,Low,Mixed,Yes,117,35,272,116,124,High
27,168,84,29.761904761904766,93,Moderate,High,Healthy,Yes,119,18,244,190,105,Moderate
58,150,57,25.333333333333332,102,None,High,Healthy,Yes,107,46,164,292,106,High
57,177,99,31.600114909508758,82,None,Low,Junk,No,76,29,145,292,98,High
39,186,92,26.59266967279454,119,None,High,Mixed,Yes,72,46,295,106,79,High
67,155,100,41.62330905306971,116,Moderate,High,Mixed,No,102,67,151,316,142,High
65,153,109,46.56328762441796,81,Moderate,High,Healthy,No,83,91,197,80,134,High
32,175,103,33.63265306122449,86,Moderate,Low,Junk,No,99,78,170,83,103,High
39,179,50,15.605006085952374,85,High,Medium,Healthy,Yes,96,55,126,245,121,High
29,150,83,36.888888888888886,117,None,High,Junk,Yes,98,96,134,83,144,High
29,163,77,28.981143437841094,112,None,Medium,Mixed,Yes,49,25,158,239,144,High
24,159,92,36.39096554724892,85,Moderate,High,Junk,Yes,70,110,208,101,176,High
59,182,68,20.528921627822726,119,High,Medium,Junk,No,96,13,168,174,148,High
42,151,54,23.683171790710933,102,Moderate,Medium,Healthy,Yes,100,81,244,103,117,High
37,175,85,27.755102040816325,90,High,Medium,Mixed,No,73,79,186,243,179,High
48,154,103,43.430595378647325,102,Moderate,Low,Mixed,Yes,103,91,268,167,126,High
64,179,52,16.22920632939047,119,None,Medium,Healthy,Yes,94,33,150,375,98,High
19,175,91,29.714285714285715,114,None,High,Mixed,Yes,117,105,237,95,179,High
69,156,94,38.62590401051939,94,Moderate,Low,Mixed,Yes,103,11,221,115,123,High
35,163,71,26.722872520606725,75,None,High,Mixed,Yes,49,68,129,101,152,Moderate
67,154,104,43.852251644459436,83,Moderate,Low,Healthy,Yes,42,16,155,271,78,High
53,182,93,28.076319285110493,73,None,High,Junk,No,62,110,160,290,112,High
70,184,59,17.426748582230623,99,None,High,Mixed,Yes,120,16,235,178,74,Moderate
34,166,102,37.015532007548266,112,High,High,Junk,No,11,114,121,164,169,High
69,161,91,35.10667026735079,96,None,Medium,Healthy,No,103,11,199,88,140,Moderate
31,152,50,21.641274238227147,108,High,Low,Junk,Yes,21,114,149,164,123,High
38,156,101,41.50230111768573,89,Moderate,Medium,Junk,Yes,83,95,246,175,107,High
47,158,45,18.02595737862522,119,Moderate,Medium,Junk,Yes,93,83,247,311,88,High
42,180,72,22.22222222222222,77,Moderate,High,Healthy,Yes,22,24,157,228,130,Moderate
23,180,99,30.555555555555554,113,None,High,Junk,No,82,82,275,169,171,High
18,155,59,24.55775234131113,114,High,Medium,Mixed,Yes,102,10,188,87,117,Moderate
48,166,104,37.741326752794315,85,Moderate,Low,Healthy,Yes,98,51,299,135,166,High
48,160,59,23.046874999999996,78,High,Low,Mixed,No,98,111,145,157,115,Moderate
63,167,102,36.57355946789057,71,Moderate,High,Junk,Yes,30,58,178,394,78,High
25,190,47,13.019390581717452,108,Moderate,Low,Mixed,Yes,33,57,219,317,153,High
63,165,74,27.180899908172638,77,Moderate,Medium,Junk,Yes,32,95,289,273,95,High
54,177,105,33.51527338887293,100,Moderate,High,Healthy,Yes,35,17,204,270,161,High
19,175,49,16.0,92,High,High,Mixed,Yes,40,45,208,324,163,Moderate
25,159,91,35.99541157390926,94,Moderate,Low,Junk,Yes,36,43,123,275,114,High
28,165,101,37.09825528007347,113,None,High,Healthy,Yes,43,53,130,250,108,High
38,163,47,17.68978885166924,78,Moderate,High,Junk,Yes,88,79,225,280,151,High
20,164,74,27.513384889946465,99,Moderate,High,Junk,No,66,52,281,356,76,High
43,158,87,34.85018426534209,95,High,Low,Junk,Yes,105,102,147,309,151,High
25,183,89,26.575890590940304,107,High,Medium,Mixed,Yes,67,69,185,150,147,High
68,175,82,26.775510204081634,114,Moderate,High,Healthy,No,100,113,221,287,169,High
55,182,89,26.86873565994445,108,High,High,Healthy,No,15,38,296,99,117,Moderate
67,166,87,31.572071418202935,105,None,Low,Mixed,No,119,49,155,96,147,High
56,187,79,22.59143813091595,108,Moderate,High,Healthy,No,82,60,190,335,81,High
27,151,89,39.03337572913469,101,None,Medium,Mixed,No,66,14,120,121,148,Moderate
28,161,82,31.634581999151262,70,None,Medium,Healthy,Yes,64,38,240,101,150,Moderate
65,164,93,34.577632361689474,110,High,Low,Mixed,Yes,39,77,237,127,145,High
31,179,59,18.413907181423802,99,High,Medium,Junk,Yes,61,53,240,375,95,High
39,184,108,31.899810964083173,85,High,Low,Mixed,Yes,83,107,148,363,137,High
54,171,80,27.358845456721728,99,None,High,Healthy,No,53,94,294,148,119,Moderate
62,153,64,27.339911999658252,105,Moderate,High,Healthy,Yes,110,120,180,188,142,High
42,165,87,31.95592286501378,115,Moderate,High,Mixed,Yes,20,98,157,165,133,High
37,189,104,29.114526469023826,76,None,Medium,Mixed,Yes,64,85,283,185,151,High
30,176,103,33.25154958677686,91,None,Low,Junk,No,35,67,153,266,96,Moderate
64,187,54,15.442248848980523,104,Moderate,Low,Junk,Yes,57,90,280,270,180,High
66,170,60,20.761245674740486,113,High,Low,Junk,Yes,37,91,150,364,85,High
67,173,54,18.042701059173375,112,None,High,Mixed,No,39,27,172,328,105,Moderate
58,178,79,24.933720489837143,111,None,Medium,Mixed,Yes,13,81,121,302,171,High
20,189,50,13.997368494722993,75,None,Low,Junk,No,68,39,173,280,77,Moderate
24,185,101,29.510591672753833,70,High,Low,Mixed,Yes,38,94,284,346,126,High
45,168,78,27.636054421768712,105,Moderate,Low,Junk,Yes,88,53,151,369,148,High
19,171,94,32.14664341164803,105,High,Low,Healthy,Yes,98,99,143,111,129,High
22,172,75,25.351541373715524,87,Moderate,Low,Junk,No,109,47,292,379,88,High
27,169,79,27.660095935016283,72,Moderate,Medium,Mixed,No,86,65,243,276,122,High
69,161,63,24.3046178773967,98,None,High,Healthy,Yes,37,105,235,156,128,Moderate
49,172,82,27.717685235262305,73,Moderate,Low,Healthy,Yes,46,39,230,289,107,High
40,188,67,18.956541421457676,114,None,Low,Mixed,No,101,73,272,367,160,High
42,169,90,31.51150169811982,82,None,High,Junk,Yes,25,30,163,294,92,Moderate
26,154,66,27.82931354359926,99,High,High,Healthy,Yes,38,24,246,335,95,Moderate
49,182,65,19.623233908948194,101,None,Low,Junk,Yes,24,38,221,346,165,High
67,169,92,32.21175729141137,92,High,High,Mixed,No,39,44,253,135,129,High
32,176,74,23.889462809917354,104,None,Medium,Healthy,Yes,96,29,220,253,96,Moderate
65,166,87,31.572071418202935,94,High,High,Mixed,Yes,52,32,284,291,145,High
27,160,65,25.390624999999996,108,None,Low,Junk,No,82,42,229,118,162,High
64,163,92,34.62682073092702,96,High,Low,Junk,Yes,118,47,285,362,87,High
58,157,75,30.427197857925268,70,High,Medium,Junk,No,13,91,239,320,174,High
62,178,94,29.667971215755585,108,Moderate,Low,Healthy,No,17,47,161,248,168,High
38,181,51,15.567290375751655,112,Moderate,Medium,Mixed,No,75,12,236,249,123,Moderate
31,166,109,39.55581361590942,77,None,Medium,Mixed,No,22,22,126,234,157,Moderate
25,173,55,18.376825152861773,87,Moderate,Medium,Healthy,No,42,58,264,140,165,Moderate
57,174,98,32.368873034747,119,None,High,Mixed,No,47,55,220,329,132,High
50,178,60,18.93700290367378,94,None,High,Mixed,No,93,40,297,226,122,Moderate
53,178,69,21.777553339224845,105,None,High,Junk,Yes,66,117,278,359,103,High
27,162,94,35.81771071483005,94,High,Medium,Healthy,Yes,37,70,265,283,127,High
48,188,96,27.16161158895428,116,Moderate,Low,Healthy,No,75,52,179,110,136,High
60,174,107,35.34152463997886,106,None,Low,Junk,No,109,59,174,272,170,High
54,184,45,13.291587901701323,106,High,Low,Mixed,Yes,23,30,183,140,129,High
18,170,71,24.56747404844291,111,None,Low,Junk,Yes,96,18,287,239,146,High
45,172,94,31.77393185505679,71,Moderate,High,Mixed,Yes,41,86,245,90,137,High
62,168,52,18.42403628117914,93,None,Low,Healthy,No,79,14,285,239,72,Moderate
32,171,86,29.410758865975858,109,None,High,Mixed,Yes,82,102,162,234,116,High
48,178,75,23.671253629592222,120,High,Medium,Healthy,Yes,79,52,168,236,92,High
58,179,102,31.834212415342844,91,None,High,Healthy,No,31,103,150,275,99,Moderate
30,150,74,32.888888888888886,76,High,Medium,Healthy,Yes,80,29,140,136,138,High
64,171,104,35.56649909373825,81,High,High,Junk,Yes,106,98,143,195,172,High
44,163,53,19.94805976890361,103,High,Low,Healthy,Yes,41,56,283,384,97,High
23,163,50,18.818924310286427,118,Moderate,Low,Mixed,No,95,89,273,307,108,High
35,159,71,28.084332107116012,100,Moderate,Low,Junk,Yes,68,28,279,298,110,High
63,185,97,28.341855368882392,71,Moderate,High,Healthy,Yes,71,16,156,197,146,Moderate
55,156,97,39.85864562787639,84,Moderate,High,Junk,Yes,47,14,148,231,114,High
18,155,76,31.63371488033298,84,Moderate,High,Healthy,No,72,120,193,181,180,Moderate
59,156,101,41.50230111768573,118,Moderate,Low,Mixed,No,119,46,158,108,117,High
25,168,77,27.281746031746035,78,Moderate,High,Healthy,Yes,37,85,174,316,174,Moderate
33,179,50,15.605006085952374,103,None,Medium,Healthy,No,11,42,125,280,179,Moderate
50,167,78,27.968016063681024,120,Moderate,High,Mixed,Yes,53,25,296,285,76,High
63,155,100,41.62330905306971,101,None,Medium,Mixed,Yes,54,42,249,395,85,High
20,164,65,24.167162403331353,85,High,Low,Mixed,No,41,41,158,229,77,High
66,151,47,20.613131003026183,101,High,Medium,Junk,No,37,29,258,163,84,Moderate
44,181,70,21.36686914318855,108,High,Medium,Junk,No,104,60,269,399,116,High
50,172,81,27.379664683612766,118,Moderate,Medium,Junk,No,60,28,267,339,100,High
56,156,51,20.956607495069033,86,None,High,Healthy,No,25,77,212,290,92,Moderate
39,161,110,42.43663438910535,119,Moderate,High,Junk,No,81,85,189,336,171,High
52,171,69,23.59700420642249,70,High,Medium,Junk,Yes,85,47,238,386,75,High
57,169,70,24.508945765204302,86,None,Medium,Mixed,Yes,89,107,257,212,148,High
41,174,64,21.13885585942661,92,High,High,Healthy,No,44,110,143,215,157,High
65,154,95,40.05734525215045,109,None,Low,Junk,Yes,82,59,180,306,92,High
59,188,45,12.73200543232232,73,High,Medium,Mixed,Yes,43,109,293,373,161,High
21,154,51,21.504469556417607,98,Moderate,Low,Mixed,No,114,88,164,210,105,Moderate
70,178,87,27.458654210326976,91,None,Medium,Mixed,Yes,21,76,222,358,147,High
19,151,98,42.98057102758651,103,None,Medium,Healthy,No,102,85,259,98,150,High
56,185,61,17.82322863403944,96,Moderate,Low,Junk,Yes,66,81,152,316,107,High
63,158,49,19.62826470116968,83,None,Low,Junk,Yes,79,35,288,370,122,High
50,174,88,29.065926806711587,96,None,High,Healthy,No,111,74,167,283,135,Moderate
53,170,98,33.91003460207613,90,Moderate,Low,Mixed,Yes,97,65,289,347,163,High
45,152,97,41.98407202216067,97,Moderate,Low,Mixed,No,73,108,243,93,137,High
63,163,70,26.346494034400994,115,None,Medium,Mixed,No,88,28,152,299,91,High
48,154,90,37.949063923089895,76,None,Medium,Junk,Yes,22,87,287,394,109,High
31,183,110,32.846606348353184,70,Moderate,Medium,Junk,No,42,65,193,256,167,High
42,163,64,24.088223117166624,75,High,Low,Healthy,No,50,97,202,121,80,Moderate
47,172,95,32.11195240670633,73,High,Medium,Healthy,Yes,36,110,138,194,168,Moderate
43,174,96,31.708283789139912,83,None,Low,Mixed,No,85,56,120,302,125,High
53,175,96,31.346938775510203,70,High,Low,Healthy,Yes,117,22,185,260,134,High
50,170,69,23.87543252595156,78,None,Low,Healthy,No,47,57,248,374,152,High
38,174,68,22.460034350640772,71,High,High,Mixed,Yes,105,42,174,133,99,Moderate
60,181,92,28.082170873904946,108,None,Medium,Mixed,No,89,45,225,239,114,High
45,168,64,22.67573696145125,97,None,Low,Healthy,No,29,96,265,189,136,Moderate
41,156,100,41.0913872452334,91,Moderate,High,Junk,Yes,107,112,165,128,161,High
58,187,57,16.300151562812776,82,None,Medium,Mixed,No,112,92,185,322,156,Moderate
39,158,83,33.247876942797625,103,None,Medium,Junk,No,117,50,199,340,159,High
23,158,108,43.26229770870052,94,Moderate,Low,Mixed,No,50,111,250,201,160,High
28,160,72,28.124999999999993,93,High,Low,Mixed,No,22,69,241,314,172,High
50,178,81,25.5649539199596,114,None,Low,Junk,No,34,114,157,132,124,Moderate
40,151,49,21.490285513793253,74,Moderate,Low,Healthy,Yes,35,11,294,196,84,Moderate
44,171,101,34.54054238911118,120,Moderate,Medium,Mixed,No,35,63,199,274,122,Moderate
56,163,109,41.02525499642441,104,None,Medium,Healthy,Yes,82,61,274,214,143,High
42,186,109,31.50653254711527,120,Moderate,Low,Junk,Yes,23,50,209,370,169,High
21,154,62,26.14268848035082,80,Moderate,High,Junk,Yes,78,74,293,280,109,High
39,168,109,38.619614512471664,94,High,High,Mixed,Yes,14,28,124,325,84,Moderate
45,184,73,21.561909262759922,91,None,High,Mixed,No,74,20,200,171,75,Low
30,188,109,30.83974649162517,95,Moderate,Medium,Healthy,Yes,37,59,255,158,175,Moderate
29,177,85,27.13141179099237,108,None,Low,Junk,Yes,108,55,242,150,146,High
36,174,80,26.42356982428326,98,Moderate,High,Healthy,No,99,89,233,311,157,High
25,177,103,32.87688722908487,81,Moderate,Low,Mixed,Yes,20,69,151,257,166,High
55,168,75,26.573129251700685,81,Moderate,Medium,Healthy,No,72,63,203,296,134,High
35,171,100,34.19855682090216,95,None,Low,Junk,No,24,72,210,292,153,High
38,178,61,19.252619618735007,71,High,High,Healthy,No,20,85,286,323,106,Moderate
68,162,70,26.672763298277697,82,None,Low,Mixed,Yes,44,25,140,224,112,High
52,174,52,17.17532038578412,111,Moderate,Low,Healthy,Yes,14,50,184,297,141,High
44,178,68,21.461936624163616,100,Moderate,Low,Mixed,Yes,99,65,195,393,136,High
26,185,103,30.094959824689553,109,None,Medium,Mixed,No,52,77,265,318,103,High
55,190,45,12.465373961218837,99,None,High,Mixed,No,95,73,211,133,170,Moderate
57,181,73,22.282592106468055,110,Moderate,Low,Mixed,No,54,114,235,339,168,High
66,158,102,40.85883672488383,109,Moderate,Low,Healthy,Yes,116,61,251,229,141,High
45,155,80,33.29864724245577,83,None,Medium,Junk,Yes,107,109,278,115,160,High
30,174,68,22.460034350640772,75,None,Medium,Mixed,No,67,51,236,283,172,Moderate
49,181,100,30.52409877598364,107,High,High,Mixed,Yes,95,16,170,283,178,High
18,175,99,32.326530612244895,100,Moderate,Medium,Mixed,No,75,38,162,114,141,Moderate
70,160,76,29.687499999999993,99,None,High,Junk,Yes,17,51,275,302,119,High
43,167,94,33.70504499982072,86,High,Low,Healthy,Yes,60,41,235,281,113,High
36,152,104,45.013850415512465,82,None,Low,Healthy,No,14,11,271,143,140,Moderate
60,152,62,26.83518005540166,118,None,High,Mixed,No,74,46,266,264,78,High
29,173,86,28.734672057202044,79,High,Low,Junk,No,62,23,126,389,155,High
59,170,63,21.79930795847751,113,None,Low,Mixed,No,39,13,170,344,97,Moderate
67,151,96,42.103416516819436,107,None,Medium,Junk,No,91,58,299,286,104,High
19,151,82,35.963334941449936,95,Moderate,High,Healthy,Yes,117,20,292,386,150,High
44,163,107,40.27249802401295,117,Moderate,Low,Healthy,Yes,103,14,183,252,140,High
54,171,80,27.358845456721728,77,Moderate,Low,Mixed,No,107,117,287,191,146,High
37,163,71,26.722872520606725,118,None,Medium,Healthy,No,116,106,197,266,83,High
56,156,68,27.94214332675871,82,None,Medium,Healthy,Yes,50,98,254,391,153,High
43,187,60,17.158054276645025,88,High,Low,Junk,Yes,33,64,237,384,138,High
69,181,101,30.829339763743477,90,Moderate,Low,Mixed,Yes,103,63,233,173,71,High
61,180,47,14.506172839506172,103,None,Medium,Junk,Yes,74,100,224,334,133,High
31,184,71,20.97117202268431,95,High,Medium,Junk,Yes,69,23,291,370,100,High
64,155,101,42.039542143600414,79,Moderate,Medium,Junk,No,86,56,164,310,110,High
29,190,94,26.038781163434905,105,High,High,Mixed,No,15,79,192,393,119,High
29,179,109,34.01891326737618,94,None,High,Mixed,No,52,79,250,83,132,Moderate
58,169,79,27.660095935016283,119,None,High,Junk,No,37,45,228,305,78,High
70,175,50,16.3265306122449,71,High,High,Mixed,Yes,55,52,150,352,175,High
68,185,76,22.205989773557338,85,High,Medium,Mixed,No,24,119,235,243,115,Moderate
19,165,59,21.6712580348944,76,High,High,Mixed,Yes,36,42,200,383,105,Moderate
36,173,83,27.732299776136855,120,Moderate,Medium,Healthy,Yes,69,115,136,137,153,High
56,176,78,25.180785123966942,102,High,High,Healthy,Yes,27,91,233,290,89,High
68,165,55,20.202020202020204,102,High,Medium,Mixed,Yes,55,32,128,161,154,High
33,189,60,16.79684219366759,86,None,Low,Healthy,No,54,79,190,208,124,Moderate
34,162,51,19.43301326017375,99,Moderate,Low,Mixed,No,69,101,300,253,139,High
30,190,95,26.315789473684212,120,High,High,Healthy,No,52,57,173,151,71,High
63,190,97,26.869806094182827,107,High,High,Junk,No,77,27,239,213,130,High
49,155,94,39.12591050988553,76,None,High,Healthy,Yes,33,43,288,340,89,Moderate
39,165,73,26.813590449954088,110,Moderate,Low,Junk,No,20,15,267,161,118,Moderate
36,158,104,41.65999038615606,86,High,High,Healthy,Yes,70,71,155,258,92,High
52,180,97,29.93827160493827,71,None,High,Healthy,No,109,48,234,150,167,Moderate
45,154,94,39.63568898633834,100,High,High,Healthy,No,57,68,158,379,130,High
25,176,72,23.243801652892564,70,Moderate,Medium,Mixed,Yes,50,25,228,95,173,Moderate
43,168,94,33.30498866213152,74,High,High,Mixed,No,98,14,135,192,86,Moderate
37,185,52,15.193571950328705,93,High,Low,Healthy,No,66,114,120,395,124,High
22,169,81,28.360351528307834,70,None,Low,Mixed,Yes,78,11,136,398,102,Moderate
65,152,93,40.25277008310249,93,Moderate,High,Mixed,No,10,20,154,380,151,Moderate
47,184,108,31.899810964083173,119,High,Low,Healthy,No,80,89,256,338,103,High
39,182,48,14.491003501992513,75,None,Medium,Mixed,Yes,85,35,253,350,92,Moderate
57,188,68,19.23947487550928,91,High,Low,Healthy,Yes,77,41,195,201,148,High
28,177,101,32.23850106929682,95,High,Medium,Mixed,Yes,99,23,263,238,109,High
21,160,62,24.218749999999996,78,Moderate,Low,Healthy,Yes,91,112,274,104,151,High
21,173,63,21.04981790236894,72,High,High,Junk,No,77,57,212,237,166,High
33,173,54,18.042701059173375,71,High,High,Mixed,Yes,91,71,199,383,99,High
21,160,47,18.359374999999996,79,None,High,Junk,Yes,100,91,271,162,93,Moderate
59,163,96,36.13233467574994,120,Moderate,Low,Junk,Yes,105,41,288,167,114,High
25,172,61,20.61925365062196,79,High,Low,Healthy,Yes,39,108,255,291,123,High
27,176,69,22.275309917355372,92,None,Low,Healthy,Yes,107,49,290,351,107,High
19,173,96,32.075912994086,75,Moderate,Low,Junk,Yes,41,78,211,277,113,High
69,157,71,28.804413972169254,91,Moderate,Low,Mixed,No,64,39,121,273,86,High
46,179,63,19.66230766829999,81,Moderate,High,Healthy,Yes,42,65,205,369,103,Moderate
19,177,108,34.47285262855501,90,Moderate,High,Mixed,No,94,46,171,154,138,Moderate
40,175,61,19.918367346938776,78,Moderate,Medium,Junk,Yes,29,73,194,146,164,Moderate
23,165,110,40.40404040404041,83,High,Low,Junk,No,101,51,191,136,140,High
62,188,105,29.708012675418743,99,High,Low,Mixed,No,42,60,273,85,88,High
58,189,85,23.79552644102909,79,Moderate,Low,Mixed,Yes,25,72,217,321,83,Moderate
44,182,88,26.56683975365294,103,Moderate,High,Mixed,Yes,15,39,159,240,91,Moderate
52,166,71,25.76571345623458,77,Moderate,High,Junk,No,58,116,171,82,142,High
61,167,109,39.08350962745168,82,None,Low,Junk,No,12,55,282,396,161,High
35,165,109,40.03673094582186,111,High,Medium,Mixed,No,97,59,173,154,178,High
19,186,82,23.702162099664697,99,High,Low,Junk,No,57,24,293,340,108,High
19,187,101,28.882724699019125,71,High,Medium,Mixed,Yes,101,77,273,220,143,High
32,190,74,20.498614958448755,73,None,Medium,Mixed,Yes,101,77,292,374,101,Moderate
63,164,74,27.513384889946465,107,None,Low,Healthy,Yes,113,87,246,133,140,High
48,183,47,14.034459076114544,88,High,Medium,Junk,Yes,27,48,147,136,160,Moderate
50,186,91,26.303618915481554,116,High,High,Healthy,Yes,18,43,206,154,140,High
57,174,84,27.74474831549742,115,None,Low,Mixed,Yes,20,46,151,238,92,High
57,185,78,22.79035792549306,73,None,Low,Healthy,No,62,89,275,243,177,High
50,150,108,48.0,119,High,Medium,Junk,No,117,63,211,94,116,High
35,162,106,40.39018442310623,89,High,High,Mixed,No,84,31,192,287,113,Moderate
56,183,57,17.020514198692105,88,High,Medium,Mixed,No,118,93,157,201,93,High
53,184,60,17.72211720226843,74,None,High,Healthy,Yes,73,61,224,328,142,High
19,187,83,23.735308416025617,93,None,Low,Healthy,No,67,95,187,397,171,Moderate
32,170,83,28.719723183391007,73,None,High,Healthy,Yes,57,87,242,241,132,High
28,151,91,39.91053023990176,87,None,Low,Healthy,Yes,39,119,285,278,71,High
24,162,82,31.24523700655387,114,None,High,Junk,Yes,116,95,265,284,133,High
18,152,90,38.95429362880886,106,None,Medium,Junk,No,92,53,173,323,141,High
67,181,45,13.735844449192637,105,Moderate,Medium,Mixed,No,99,80,297,343,105,High
42,175,104,33.95918367346939,102,None,Low,Junk,Yes,76,85,291,281,73,High
40,173,52,17.374452871796585,86,High,High,Mixed,Yes,85,17,234,400,90,Moderate
48,173,105,35.083029837281565,74,Moderate,Low,Healthy,No,96,24,241,129,177,High
50,151,97,42.54199377220297,109,None,Medium,Junk,Yes,94,35,300,251,127,High
43,172,83,28.055705786911847,82,Moderate,Low,Healthy,Yes,98,13,289,235,177,High
49,172,85,28.73174689021093,104,None,High,Mixed,Yes,100,78,166,329,93,High
62,180,90,27.777777777777775,120,High,Medium,Mixed,Yes,43,59,182,138,133,High
44,175,73,23.836734693877553,75,None,Low,Mixed,Yes,74,30,149,279,130,Moderate
47,183,63,18.812147272238644,104,High,High,Mixed,Yes,36,61,296,127,147,High
67,163,60,22.582709172343712,110,Moderate,High,Junk,Yes,75,88,218,365,176,High
19,159,66,26.106562240417702,120,None,High,Mixed,Yes,120,38,245,196,114,Moderate
50,154,53,22.34778208804183,96,High,Medium,Junk,No,51,74,271,86,70,Moderate
31,173,62,20.715693808680545,119,High,Medium,Junk,Yes,36,58,131,181,118,Moderate
66,155,74,30.80124869927159,100,High,High,Healthy,No,18,59,201,316,142,High
46,190,71,19.667590027700832,103,None,Medium,Junk,No,51,33,126,83,102,Moderate
40,188,59,16.693073789044817,74,Moderate,High,Junk,No,54,102,264,273,174,High
32,160,103,40.23437499999999,103,High,High,Junk,Yes,42,55,126,107,140,High
23,175,72,23.510204081632654,118,High,Medium,Junk,No,59,18,207,180,178,High
19,175,60,19.591836734693878,72,Moderate,Low,Mixed,No,44,28,181,95,75,Moderate
44,176,80,25.826446280991735,119,None,High,Mixed,No,43,23,178,160,124,Moderate
61,177,60,19.15158479364167,78,High,High,Junk,No,32,40,125,126,115,Moderate
56,159,87,34.41319568055061,71,Moderate,Medium,Healthy,No,53,43,281,165,74,High
42,179,76,23.719609250647608,90,None,Low,Mixed,Yes,42,82,298,351,70,High
65,178,46,14.518368892816563,117,High,High,Healthy,Yes,98,68,130,347,157,High
57,172,98,33.12601406165495,119,None,Low,Junk,Yes,78,100,170,262,71,High
46,169,84,29.410734918245165,85,None,Low,Junk,No,106,23,186,294,129,High
20,161,107,41.279271633038846,115,Moderate,High,Junk,Yes,107,36,294,259,113,High
61,176,73,23.56663223140496,109,High,Medium,Mixed,Yes,96,68,185,272,131,High
26,155,85,35.37981269510926,86,None,High,Mixed,Yes,109,48,214,304,160,High
22,174,92,30.38710529792575,88,High,Medium,Mixed,No,62,47,274,95,121,High
70,182,94,28.378215191402003,109,Moderate,Low,Mixed,No,77,86,275,184,132,High
20,171,106,36.25047023015629,119,High,Low,Junk,Yes,15,90,243,308,133,High
18,177,100,31.91930798940279,113,High,High,Mixed,No,56,100,209,199,136,High
45,167,93,33.34648069131199,119,None,Medium,Healthy,No,58,69,186,335,110,High
66,179,64,19.97440779001904,79,Moderate,High,Junk,No,67,67,127,83,158,Moderate
67,163,66,24.840980089578082,113,None,Low,Healthy,Yes,69,86,206,216,126,High
62,164,61,22.679952409280194,103,Moderate,High,Mixed,No,82,118,143,82,166,High
48,162,85,32.38835543362292,71,Moderate,Low,Healthy,No,30,82,138,175,113,Moderate
41,154,105,44.27390791027155,104,Moderate,Medium,Healthy,No,22,16,297,236,112,Moderate
57,154,81,34.15415753078091,96,High,High,Healthy,No,98,72,150,137,160,High
51,183,58,17.319119710949863,112,Moderate,Low,Healthy,Yes,52,74,208,289,154,High
49,173,62,20.715693808680545,107,None,Medium,Mixed,Yes,68,22,269,196,72,Moderate
69,181,107,32.6607856903025,85,None,High,Mixed,No,85,77,197,201,152,High
67,154,53,22.34778208804183,96,High,High,Mixed,No,12,38,279,82,142,Moderate
26,190,54,14.958448753462605,72,None,High,Junk,No,105,41,262,190,141,Moderate
33,175,58,18.93877551020408,75,None,High,Mixed,No,64,110,210,306,89,Moderate
68,165,94,34.527089072543625,102,High,Medium,Junk,No,88,33,157,265,177,High
18,165,94,34.527089072543625,104,High,High,Junk,Yes,26,97,121,170,92,High
24,176,89,28.731921487603305,85,High,High,Healthy,No,96,90,268,100,130,High
69,165,79,29.017447199265384,105,Moderate,High,Junk,Yes,49,111,210,166,174,High
58,154,91,38.370720188902006,89,None,Low,Junk,Yes,53,57,213,400,76,High
25,167,70,25.099501595611173,90,High,Medium,Mixed,No,66,72,293,188,76,Moderate
54,169,70,24.508945765204302,80,None,High,Mixed,Yes,50,99,195,318,120,Moderate
24,187,56,16.014183991535358,118,None,Medium,Junk,Yes,68,102,222,229,129,High
18,171,52,17.783249546869126,107,High,High,Healthy,Yes,85,46,206,189,97,High
51,167,63,22.589551436050055,73,None,Medium,Junk,Yes,105,11,292,149,96,Moderate
51,161,107,41.279271633038846,75,Moderate,Medium,Junk,Yes,93,36,246,109,160,High
34,185,61,17.82322863403944,119,Moderate,Medium,Mixed,Yes,113,26,138,232,179,High
36,161,106,40.893484047683344,72,None,High,Mixed,No,73,45,140,125,149,Moderate
31,184,57,16.836011342155007,110,Moderate,Medium,Healthy,No,53,57,191,177,126,Moderate
59,186,80,23.12406058503873,112,None,High,Junk,Yes,38,60,289,169,79,High
56,174,49,16.1844365173735,109,Moderate,Low,Mixed,Yes,68,69,129,183,142,High
51,176,54,17.43285123966942,116,High,Low,Junk,Yes,45,73,291,329,84,High
68,182,102,30.79338244173409,79,Moderate,High,Healthy,Yes,88,28,205,121,90,Moderate
42,151,50,21.928862769176792,92,None,High,Junk,No,95,16,236,256,179,Moderate
57,189,107,29.954368578707204,118,Moderate,Medium,Healthy,Yes,24,41,166,84,154,High
20,155,64,26.638917793964616,105,None,Medium,Healthy,Yes,11,41,300,271,119,High
68,162,101,38.48498704465782,118,High,Low,Healthy,No,70,14,161,226,174,High
59,169,45,15.75575084905991,84,None,High,Healthy,Yes,69,18,120,173,85,Moderate
60,159,62,24.524346347059055,76,None,High,Mixed,Yes,59,53,192,120,113,Moderate
56,163,104,39.14336256539576,107,Moderate,Medium,Junk,Yes,84,45,278,330,167,High
51,150,88,39.111111111111114,100,High,Low,Mixed,No,56,70,263,221,71,High
44,185,81,23.66691015339664,107,Moderate,Medium,Mixed,No,113,49,189,373,89,Moderate
46,173,75,25.05930702662969,117,High,Low,Junk,Yes,73,36,277,187,91,High
58,168,54,19.13265306122449,115,High,Medium,Healthy,No,40,99,262,272,99,High
66,185,56,16.362308254200144,115,Moderate,Low,Junk,No,38,106,234,119,97,Moderate
34,155,64,26.638917793964616,100,High,Low,Healthy,Yes,27,111,237,364,148,High
54,178,63,19.883853048857468,97,High,High,Healthy,Yes,28,51,200,327,151,High
69,181,52,15.872531363511492,103,None,Medium,Junk,No,95,10,157,223,126,High
50,177,103,32.87688722908487,74,None,Low,Healthy,No,97,58,236,117,152,Moderate
66,162,50,19.05197378448407,114,Moderate,High,Junk,Yes,108,73,224,83,148,High
49,190,78,21.606648199445985,74,Moderate,Medium,Healthy,No,87,21,182,347,163,Moderate
35,175,48,15.673469387755102,96,High,Low,Healthy,No,25,46,290,271,116,Moderate
68,186,51,14.74158862296219,111,Moderate,Low,Healthy,Yes,27,82,251,107,118,High
53,179,75,23.40750912892856,109,None,Low,Mixed,No,87,85,192,155,161,High
34,158,75,30.043262297708697,102,High,High,Mixed,No,16,37,214,369,91,Moderate
54,150,105,46.666666666666664,105,Moderate,Medium,Mixed,Yes,15,98,231,248,83,High
27,171,78,26.674874320303687,118,None,High,Healthy,No,89,40,125,342,90,Moderate
65,186,92,26.59266967279454,97,High,Low,Mixed,No,92,25,163,101,148,High
26,185,108,31.55588020452885,71,High,Low,Mixed,No,105,110,135,199,115,High
50,159,104,41.13761322732486,98,High,High,Healthy,No,66,12,195,304,107,Moderate
33,174,64,21.13885585942661,81,High,Low,Junk,No,34,113,171,177,108,Moderate
58,166,53,19.233560749020178,95,Moderate,Medium,Mixed,Yes,75,42,148,261,162,High
47,153,65,27.76709812465291,84,Moderate,Medium,Junk,Yes,118,14,215,353,143,High
24,188,67,18.956541421457676,86,High,Low,Healthy,Yes,36,61,285,331,146,High
55,180,102,31.48148148148148,78,Moderate,Medium,Mixed,No,54,16,254,144,83,Moderate
46,161,65,25.076193048107708,94,High,Low,Mixed,No,118,71,141,279,77,High
19,182,102,30.79338244173409,117,Moderate,Medium,Mixed,No,79,38,234,372,115,High
47,185,92,26.880934989043094,72,None,Low,Healthy,No,26,71,246,240,126,Moderate
43,152,109,47.17797783933518,117,Moderate,High,Healthy,No,97,39,299,389,158,High
34,179,61,19.038107424861895,107,None,Low,Healthy,Yes,56,34,196,269,71,High
45,178,65,20.515086478979924,88,Moderate,High,Healthy,Yes,36,55,182,172,142,Moderate
44,190,97,26.869806094182827,106,High,Medium,Mixed,Yes,98,43,128,253,127,High
45,152,59,25.536703601108034,81,None,Medium,Healthy,Yes,19,39,126,353,73,Moderate
65,189,73,20.43615800229557,96,None,Low,Mixed,Yes,89,91,283,180,164,High
46,177,77,24.577867151840145,120,High,Medium,Healthy,No,64,28,122,305,151,High
